id,character,skeletal_element,anatomical_region,character_type,multistate_type,character_designation,character_significance,uberon_ID,description,number_of_states,state_code,notes,Collard and Wood (2000),Dembo et al. (2015),Strait et al. (1997),Strait and Grine (2004)
1,Projection of nasal bones above frontomaxillary suture,Frontal,CR,D,UM,PHY,,UBERON:0000209,The projection of nasal bones above frontomaxillary suture.,3,Tapered (0); Expanded (1); Not projected (2),"Traits from Strait, 1997;2004 & Dembo, 2015. Descriptions from Dembo, 2015",,,"Hominids vary in the pattern by which the nasal bones project above the frontomaxillary suture (Olson, 1985; Eckhardt, 1987; Walker & Leakey, 1988). Four states are recognized: (0) nasal bones extend superior to the frontomaxillary suture by means of a narrow projection (i.e., the nasal bones taper above the suture line); (1) nasal bones project above the frontomaxillary suture, widening laterally as they pass the suture line; (2) nasal bones do not project above the frontomaxillary suture; and (3) variable. Pg. 64",
2,Inferior orbital margin rounded laterally,Orbit,CR,D,UM,PHY,,UBERON:0001697,The morphology of inferior margin of the orbit as being either rounded laterally or not rounded. ,2,No (0); Yes (1),"Traits from Strait, 1997;2004 & Dembo, 2015. Descriptions from Dembo, 2015",,,"Olson (1985) describes the morphology of the inferior margin of the orbit as being either rounded laterally or not rounded. Rounded lateral margins are present in A. aethiopicus and A. robustus. They are also present in a large proportion of male G. gorilla, and thus this species is coded as being a variable. This character is equivalent to S&M 3. Pg. 64",
3,Infraorbital foramen location,Orbit,CR,C,UM,PHY,,UBERON:0001697,"The ratio of the distances between orbitale and the foramen, and orbitale and the root of the zygoma.",2,High (0); Low (1),"Traits from Strait, 1997;2004 & Dembo, 2015. Descriptions from Dembo, 2015",,,"This character is equivalent to S&M 4. However, the character here quantified as a ratio of the distances between orbitale and the foramen, and orbitale and the root of the zygoma. A high foramen has a value of <0.5 (i.e., it is located within the upper half of the malar). A low foramen has a value of >0.5 (within the lower half). State assignments produced by this ratio corespond to those of S&M 4 except with respect to A. africanus. This is because Sts 52a possesses a low foramen whereas the foramina in all other A. africanus specimens are high. Accordingly, A. africanus is here coded as being variable. Although Skelton & McHenry (1992) noted that Sts 52a has a low foramen, they coded the species as ""high"". Pg. 64","KGA 10-525 has a high infraorbital foramen (Suwa et al., 1997), whereas all other P. boisei crania have an infraorbital foramen that pierces the lower half of the chord measured between orbitale and the root of the zygoma. Thus, this species is considered variable. Pg. 441"
4,Anterior pillars,Maxilla,CF,D,UM,PHY,,UBERON:0002397,The presence of anterior pillars.,2,Absent (0); Present (1),"Traits from Strait, 1997;2004 & Dembo, 2015. Descriptions from Dembo, 2015; Asfaw et al. 1999",,,"This character is equivalent to S&M 6, but state assignments here differ considerably from theirs. Skelton & McHenry (1992) followed Rak (1983) in accepting that pillars in A. boisei (and, by extension, A. aethiopicus) had been ""obscurred by infilling"". This state assignment is based on a functional interpretation of australopithecine facial evolution (Rak, 1983), rather than upon strict observation. Consequently, pillars are considered to be absent in A. boisei and A.aethiopicus. Furthermore, pillars are variable in A. africanus rather than present (contra S&M 6) because they are absent in Sts 52a but present in all other relevent specimens. Finally, contray to S&M 6, pillars are considered to be variable in H. habilis (present in Stw 53, OH 62, KNM-ER 1805; absent in KNM-ER 1813, SK 847), and absent in H. rudolfensis (KNM-ER 1470) Pg. 65","Keyser (2000: table 2) described the Drimolen skull as lacking anterior pillars. However, in the text of the paper, he (Keyser, 2000: 189) stated that ‘‘Weakly developed anterior pillars are barely visible.’’ Moreover, he noted that the margins of the nasal aperture are rounded. Thus, we interpret this specimen as having anterior pillars, albeit ones that are weak. Pg. 441"
5,Nasoalveolar clivus contour in coronal plane,Maxilla,CF,D,OM,PHY,,UBERON:0002397,The contour of nasoalveolar clivus in coronal plane.,3,Convex (0); Straight (1); Concave (2),"Traits from Strait, 1997;2004 & Dembo, 2015. Descriptions from Dembo, 2015; Asfaw et al. 1999",,,"This character is equivalent to S&M 12. Rak (1983) describes three forms of the nasoalveolar clivus: convex, straight, and concave (=nasoalveolar ""gutter""). In our definition, ""straight"" includes both slight concavity and slight convexity. Skelton & McHenry (1992) considered the clivus of A.  aethiopicus (KNM-WT 17000) to be more concave than that in A. robustus and A. boisei. All three of these species are coded here as being concave. Furthermore (contra S&M 12), H. habilis possesses a straight clivus. Pg. 65",
6,Nasal cavity entrance,Nasal,CF,D,UM,PHY,,UBERON:0001681,The contour of the nasal cavity entrance.,2,Stepped (0); Smooth (1),"Traits from Strait, 1997;2004 & Dembo, 2015. Descriptions from Dembo, 2015",,,"This character seems equivalent to S&M 10 (""distinct subnasal and intranasal components of nasoalveolar clivus""). McCollum et al. (1993) described differences in the form of the entrance to the nasal cavity in fossil hominids. A stepped entrance (state 0) is one in which there is a drop posterior to the nasoalveolar clivus. A smooth entrance is one in which the clivus grades into the nasal floor. However, a smooth entrance can be formed in two (presumably non-homologous) ways. In H. sapiens, the smooth entrance is formed by flexions in the clivus hard palate, which do not overlap (state 3). In other hominoid species that exhibit a smooth entrance, the clivus and palate overlap considerbaly (state 2). State assignments follow McCollum et al. (1993: p. 97, Table 7), who differ from Skelton & McHenry (1992) regarding A. africanus, A. robustus, and A. boisei. McCollum et al. (1993) also differ from Walker et al. (1986), who characterized A. africanus  as being intermediate. Furthermore, McCollum et al. (1993) characterized KNM-ER 1805 as having a smooth nasal cavity entrance, whereas Skelton and McHenry (1992) stated that it is stepped. According to McCollum et al. (1993), H. habilis is variable (state 1; smooth in Stw 53, OH 62, KNM-ER 1805; stepped in KNM-ER 1813, OH 24, SK 847) Pg. 65","This character refers to both the contour of the nasal cavity entrance and the degree to which the nasoalveolar clivus and palatine processes overlap. Strait et al. (1997) obtained their states for this character from McCollum et al. (1993). McCollum subsequently updated her characterizations of certain early hominid specimens (McCollum, 2000), and morphological groupings proposed by her are largely adopted here. Note that McCollum (2000) also recognized a distinction between Pan and Gorilla regarding the magnitude of vertical relief between the premaxilla and maxillary palatine processes. This distinction is not recognized here because of the possibility that the difference is a scaling phenomenon. Pg. 441"
7,Anterior projection of zygomatic bone relative to piriform aperture (dishing),Zygomatic,CF,D,OM,PHY,,UBERON:0001683,The position of the infraorbital plate of the zygoma relative to the piriform aperture.,3,Posterior (0); Intermediate (1); Anterior (2),"Traits from Strait, 1997;2004 & Dembo, 2015. Descriptions from Dembo, 2015",,The position of the infraorbital plate of the zygoma relative to the piriform aperture. (Ordered). States: Posterior (0); Intermediate (1); Anterior (2),"This character describes ""dishing"" of the face and is equivalent to S&M 16, although they did not indicate the point of reference for their characterizations. By using the piriform aperature as a reference, three distinct morphologies are recognized: the infra-orbital plate of the zygoma is a posterior to the aperture (state 0), the zygoma is at level of the aperature (state 2), and the zygoma is anterior to the aperature. State 3 is equivalent to having a dished face. A. africanus is variable (state 1) because Sts 71 exhibits the intermediate morphology (state 2), whereas all other specimens of the species have posteriorly positioned zygomatics. Pg. 66",
8,Masseteric position relative to sellion,Mandible,CR,D,UM,PHY,,UBERON:0001684,The distance from the articular eminence to the zygomatic tubercle expressed as a percentage of the horizontal distance between the articular eminence and sellion.,2,Anterior (0); Posterior (1),"Traits from Strait, 1997;2004 & Dembo, 2015. Descriptions from Dembo, 2015",,,"Rak's (1983, 1988) index of masseteric position describes the anterior migration of the masseter muscle. An index value of 100 indicates that the masseteric tuberacle is in the same coronal plane as sellion. Two states are recognized: (0) the tubercle is at or posterior to sellion (index values ≤ 105), and (1) it is at or anterior to sellion (index values ≥ 95). The ranges of these two states overlap partially. Pg. 67",
9,Cranial capacity,Brain,CR,C,OM,BOTH,D,UBERON:0000955,Cranial capacity in cubic centimeters. (Small<500; Intermediate=500-680; Medium=750-875; Large=900-1200; Very large>1300),4,Small (0); Intermediate (1); Medium (2); Large (3); Very large (4),"Traits from Strait, 1997;2004 & Dembo, 2015. Descriptions from Dembo, 2015; Berger 2010",,Cranial capacity in cubic centimeters. (Small<500; Intermediate=500-680; Medium=750-875; Large=900-1200; Very large >1300). (Ordered). States: Small (0); Intermediate (1); Medium (2); Large (3); Very large (4),"The cube root of cranial capacity was used so as to counter-act the exponential growth of this volume in relation to the linear dimensions of the braincase. However, equivalent groupings were found using the volumetric measurement, and this is presented here because readers are more familiar with the manner in which this measurement is distributed in hominids. Five states are recognized (data from Aiello & Dean, 1990; Tobias, 1991; Brown et al., 1993), some of which overlap considerably: (0) below 500 cm^3, (1) approximately 500 cm^3, (2) 509-680 cm^3, (3) 750-875 cm^3, (4) approximately 1400 cm^3. State 0 includes  P. troglodytes, G. gorilla, A. afarensis and A. aethiopicus. Although some gorillas may exceed 500 cm^3, their body sizes are also much greater, and thus their brains are relatively quite small. State 1 includes A. africanus, A. robustus, and A. boisei. Stw 505 has considerably extended the range of A. africanus (Clarke, pers. comm.) State 2 includes H. habilis. Although the range of H. habilis overlaps cosiderably with those of australopithecines, the smallest H. habilis cranial capacity (KNM-ER 1813: 509 cm^3) is still much larger than the smallest representatives of the australopithecine species. Holloway (1973) estimated the cranial capacity of Sts 19 to be 436 cm^3, but reconstructions that include the calotte Sts 58 indicate cranial capacities between 530 and 570 cm^3  (Broom & Robinson, 1948; Tobias, 1975). State 3 includes H. rudolfensis and H. ergaster. State 4 includes H. sapiens. In general, S&M 65 recognized finer distinctions between taxa than are recognized here. Pg. 67, 68","The state assignments of several early hominid taxa have been revised from Strait et al. (1997). Recent discoveries have made clear that the australopith species overlap extensively with respect to brain size. Regarding Pr. afarensis, A.L. 444-2 has an estimated capacity of 500 cc (Holloway and Yuan, 2004), which increases the range of this species. With reference to P. boisei, we include here Holloway’s (1988) rough estimate of 395 cc for KNM-WT 17400, which is notably smaller than the values for other P. boisei specimens. The range for this species sample has been extended also by Suwa et al. (1997), who provided an estimate of 545 cc for KGA 10-525. We have excluded KNM-ER 3733 from the H. ergaster sample because its published estimate is a minimum value, and we have utilized the ‘‘age corrected’’ value of 909 cc provided for KNM-WT 15000 (Begun and Walker, 1993). Although not formally considered here, the specimens from Dmanisi that are likely to be conspecific with the African H. ergaster sample suggest that the range in brain size in this species extends below the size observed in the Nariokotome specimen. The ranges of the non-Homo samples overlap extensively, and they overlap with the ranges for the African ape samples. Because there is no clear distinction among these various species, they are all provided with the same character state. Pg. 442"
10,Cerebellar morphology,Brain,CR,D,UM,PHY,,UBERON:0000955,The position of cerebellum relative to the cerebrum.,2,Lateral flare with posterior protrusion (0); Tucked (1),"Traits from Strait, 1997;2004 & Dembo, 2015. Descriptions from Dembo, 2015",,The position of the cerebellum relative to the cerebellum. (Unordered). States: Lateral flare with posterior protrusion (0); Tucked (1),"Holloway (1988) stated that in Homo, A. boisei and A. robustus, the cerebellum is tucked underneath the cerebrum. In most other hominids, the cerebellum flares laterally and protrudes posteriorly. Holloway did not discuss A. afarensis, but our observations suggest that it too flares laterally with posterior protrusion. This character is equivalent to S&M 66. Pg. 68",
11,O-M sinus present in high frequency,Maxilla,CF,D,,PHY,,UBERON:0002397,,,,"Traits from Strait, 1997;2004 & Dembo, 2015. Descriptions from Dembo, 2015",,,"Although Kimbel (1984) argued that this character is sufficiently variable in humans to preclude its use in phylogenetic studies, it nonetheless appears to discriminate between hominid taxa. An O–M sinus is present either uni- or bilaterally in high frequency (state 2) in A. afarensis, A. boisei, and A. robustus (Falk, 1986, 1988, 1990). It is absent or found in low frequency (state 0) in African apes (Kimbel, 1984), H. habilis (Tobias, 1991), H. rudolfensis (Kimbel, 1984; Tobias, 1991). It is absent in the juvenile A. aethiopicus L. 338 y-6 (Rak & Howell, 1978; Walker & Leakey, 1988), and while Walker et al. (1986) inferred that it is present in KNM-WT 17000 because of a reduced transverse sinus, Holloway (1988) has disputed this. An O–M sinus is present in 25% of A. africanus specimens. It is absent in MLD 37/38 (Conroy et al., 1990), MLD 1, Sts 5, Sts 26, TM 1511, and Sts 71 (Kimbel, 1984), and present in Taung (Tobias & Falk, 1988) and one Stw specimen (Kimbel, pers. comm.). Between 8 and 46% of modern humans exhibit and O–M sinus (Kimbel, 1984). Accordingly, A. africanus and Homo sapiens are coded as having an intermediate frequency (state 1). Pg. 68",
12,Anteromedial incursion of the superior temporal lines,Temporal,CR,D,OM,BOTH,D,UBERON:0001678,The course of the superior temporal line bewteen frontomalaretemporale and the point of maximum inflection on the line as it turns from being medially directed to posteriorly directed.,3,Weak (0); Moderate (1); Strong (2),"Traits from Strait, 1997;2004 & Dembo, 2015. Descriptions from Dembo, 2015, Berger et al. 2010",,,"This character, as defined by Kimbel (1988; see also Clarke, 1977; Rak, 1983), describes the course of the superior temporal line between frontomalaretemporale and the point of maximum inflection on the line as it turns from being medially directed to posteriorly directed. Incursion is best seen in superior view. Incursion is strong in the ""robust"" australopithecines , where the temporal line penetrates far medially and is parallel to the orbital margin. Incursion is weak in H. ergaster, H. rudolfensis and H. sapiens, where the line barely penetrates medially and is strongly oblique to the orbital margin. H. habilis is variable, because incursion is weak in OH 24 and KNM-ER 1813, but moderate in sk 847 and Stw 53. Data from A. afarensis comes from KNM-ER 2602 and the Belohdeli frontal (Kimbel, 1988; Asfaw, 1987). Pg. 68",
13,Asterionic notch,Vault,CR,D,UM,PHY,,UBERON:0004339,The presence of an asterionic notch.,2,Absent (0); Present (1),"Traits from Strait, 1997;2004 & Dembo, 2015. Descriptions from Dembo, 2015",,,"Kimbel & Rak (1985) note than an asterionic notch is present in apes, A. afarensis and KNM-ER 1805. H. habilis is correspondingly coded as being variable. Skelton & McHenry (1992) noted the condition of KNM-ER 1805, but considered a notch to be absent in Homo. Walker et al. (1986) and Kimbel et al. (1988) state that a notch is probably present in KNM-WT 17000. Although a notch is absent in L. 338 y-6, a putative juvenile A. aethiopicus, Kimbel & Rak (1985) note that the character is absent in juvenile apes. All other taxa lack an asterionic notch. Pg. 69",
14,Parietal overlap of occipital at asterion,Parietal,CR,D,UM,PHY,,UBERON:0000210,"The presence of an overlap of temporal, parietal and occipital bones at asterion.",2,Absent (0); Present (1),"Traits from Strait, 1997;2004 & Dembo, 2015. Descriptions from Dembo, 2015",,,"Kimbel & Rak (1985) describe a morphology present in male A. boisei in which the external tables of the temporal, parietal and occipital bones overlap in a complex ""sandwich"" pattern at astersion. This pattern is also present in KNM-WT 17000 (Kimbel et al., 1988), and incipiently in L. 388 y-6. S&M 73 describes this character as ""temporoparietal overlap of occipital"". The name is shortened here to ""parietal overlap of occipital"" because the relationship between the temporal and parietal bones is subsumed within character 24 (squamosal suture overlap extensive). Thus, this character refers only to the flange of parietal bone that extends posteroinferiorly over the occipital. Pg. 69",
15,Postorbital constriction,Parietal,CR,C,OM,BOTH,D,UBERON:0000210,The index of minimum frontal breadth to superior facial breadth (bi-frontomalaretemporale). (Marked constriction<0.65; Moderate constriction=0.65-0.77; Slight constriction>0.77).,2,Marked (0); Moderate (1); Slight (2),"Traits from Strait, 1997;2004 & Dembo, 2015. Descriptions from Dembo, 2015",,,"This character is measured as an index of minimum frontal breadth to superior facial breadth (bi-frontomalaretemporale). Although there is slight overlap between the ranges of living taxa, three states are recognized: (0) marked constriction (index values below 65%), (1) modereate constriction (between 65 and 77%), and (2) slight constriction (>77%). Data from Asfaw (1987) and Chamberlain (1987) were supplemented with our own measurements. This character is partially related to character 19 (""anteromedial incursion of the superior temporal lines""). However, the size and configuration of the temporalis muscle is independent of constriction, and Gorilla has marked constriction but only moderate incursion. Thus the characters are not considered to be redundant. Pg. 70",
16,Pneumatization of temporal squama,Temporal,CR,D,UM,PHY,,UBERON:0001678,The extent of the pneumatic tracts relative to the squamosal suture. Pneumatization extends beyond squamosal suture leading to a thickening of the squamous temporal (squamous antrum) = extensive. Absence of antrum = not extensive,2,Extensive (0); Reduced (1),"Traits from Strait, 1997;2004 & Dembo, 2015. Descriptions from Dembo, 2015",,,"Two states are recognized based on Sherwood (1994). Extensive pneumatization is observed when pneumatic tracts extend to the squamosal suture, thereby thickening the squamous temporal. Sherwood describes this as a squamous antrum. Pneumatization is not extensive when the antrum is absent. A squamous antrum is present in apes, A. afarensis, A. aethiopicus  and A. africanus. Sherwood (1994) states that an antrum is absent in A. boisei, but Walker & Leakey (1988) observed extensive pneumatization in KNM-WT 17400. Consequently, A. boisei is considered variable. S&M 76 considered A. africanus to be weakly pneumatized. Pg. 70",
17,Facial hafting,Face ,CF,D,UM,PHY,,UBERON:0001456,"The position of the face relative to the neurocranium, assessed by comparing the position of the supraorbital relative to the bregma.",2,Low (0); High (1),"Traits from Strait, 1997;2004 & Dembo, 2015. Descriptions from Dembo, 2015",,"The position of the face relative to the neurocranium, assessed by comparing the position of the supraorbital relative to the bregma. (Unordered). States: Low (0); High (1)","This character, as described by Tobias (1967) and Howell (1978), expresses the position of the face relative to the neurocranium.The face is hafted high (state 1) in A. robustus, A. boisei and A. aethiopicus. The face is low (state 0) in all other species. Facial hafting and the incursion of the temporal lines (character 19) are related to the presence or absence of a frontal trigon (Rak, 1983), and therefore the latter is not considered an independent character. Pg. 70","Strait et al. (1997: 70) noted that ‘‘facial hafting and the incursion of the temporal lines(character 19) are related to the presence or absence of a frontal trigon,’’ and that ‘‘therefore the latter is not considered an independent character.’’ Consequently, the frontal trigon is not employed here. Asfaw et al. (1999b:1211) noted that a frontal trigon is present in A. garhi, and claimed that by omitting this character, we (Strait and Grine 1999) served to strengthen our ‘‘preferred conclusion of ‘robust australopithecine monophyly.’’’ However, because the three species of Paranthropus exhibit a frontaltrigon,the exclusion of this feature could not possibly have strengthened the case for Paranthropus monophyly. Pg. 442"
18,Supraglenoid gutter width,Temporal,CR,C,UM,PHY,,UBERON:0001678,The maximum distance from the temporal squame at the anterior end of the root of the zygomatic process to the most lateral point at that location. (Wide>25mm; Narrow<25).,2,Narrow (0); Wide (1),"Traits from Strait, 1997;2004 & Dembo, 2015. Descriptions from Dembo, 2015",,,"Data from Wood (1991) were supplemented by our own measurements. Wood (1991) refers to this character as temporal gutter width. A wide gutter is one that is broader than 25 mm, while a narrow gutter is less than 25 mm. KNM-ER 1470 is inferred to have had a narrow gutter. Pg. 70",
19,Petrous orientation,Temporal,CR,C,OM,PHY,,UBERON:0001678,The orientation of the petrous. The angle is measured relative to the bitympanic line. (Coronal<50 degrees; Intermediate=50-60; Sagittal>60).,3,Sagittal (0); Intermediate (1); Coronal (2),"Traits from Strait, 1997;2004 & Dembo, 2015. Descriptions from Dembo, 2015",,,"Dean & Wood (1981, 1982) and Dean (1986, 1988a) note that A. boisei, A. robustus, and Homo share coronally oriented petrous bones, while the petrous orientation of all other taxa is more sagittal. Walker et al. (1986) state that KNM-WT 17000 has coronally oriented petrous bones, but S&M 61 disagreed, stating that the condition of KNM-WT 17000 is sagittal. Measurements recorded by us on original specimens and casts resulted in the recognition of three states: (0) coronally oriented petrous bones (i.e., angled at less than 50° to the bitympanic line), (2) sagittally orientated bones (greater than 60°), and (1) intermediate (between 60° and 50°). With respect to KNM-WT 17000, we concur with Walker et al. (1986). A. africanus is considered intermediate. Although Dean & Wood (1982) stated that petrous orientation in (pers. comm.) states that A. afarensis has an intermediate petrous orientation. Pg. 73",
20,Origin of digastric muscle,,CR,D,,PHY,,,,,,"Traits from Strait, 1997;2004 & Dembo, 2015. Descriptions from Dembo, 2015",,,"When the cranium is viewed in norma occipitalis, the digastric origin may be seen to take the form of either a broad, shallow fossa (state 0) or a deep, restricted furrow (state 1). Kimbel et al. (1985) demonstrated that Olson's (1981, 1985) characterization of the AL 333-45 cranium was mistaken, and that this specimen has an ape-like, shallow fossa. The AL 444-2 cranium also exhibits a broad, shallow fossa (Kimbel, pers. comm.). MLD 37/38 exhibits a fossa that appears to be deep and narrow (Olson, 1978, 1981). However, Kimbel et al. (1985: pp. 128-129) assert that the morphology of this specimen is not homologous to that of modern humans; rather it is comparable to that of African apes. Thus A. africanus is coded as having state 0. Olson (1978) observed that SK 47 has a deep, narrow fossa, so this state is present in A. robustus. Although Olson (1978) posited the presence of a broad, shallow fossa in TM 1517, the circum-mastoid region of this specimen is very poorly preserved, and its condition cannot be ascertained. A. boisei has a broad, shallow fossa, as represented by OH 5, KNM-ER 406, KNM-ER 407 and KNM-ER 23000 (Brown et al., 1993). Pg. 74",
21,Mandibular cross-sectional area at M1,Mandible,DEN,C,UM,PHY,,UBERON:0001684,The geometric mean of the area of the corpus at M1. The area is caculated as an ellipse and the square root of area was then used to assess the character. (Small<25.5mm sq; Large>25.5mm sq).,2,Small (0); Large (1),"Traits from Strait, 1997;2004 & Dembo, 2015. Descriptions from Dembo, 2015",,,,
22,Hollowing above and behind mental foramen,Mandible,CR,D,UM,PHY,,UBERON:0001684,The presence of a hollowing contour of the lateral face of the mandibular corpus above and behind the mental foramen.,2,Present (0); Absent (1),"Traits from Strait, 1997;2004 & Dembo, 2015. Descriptions from Dembo, 2015",,,,
23,Mandibular deciduous canine shape,Mandible,DEN,D,UM,PHY,,UBERON:0001684,"The mesiodistal disposition of the apex, the height of mesial crown convexity and the height of the mesial end of the lingual cingulum.",2,"Apex central, mesial convexity low (0); Apex mesial, mesial convexity high (1)","Traits from Strait, 1997;2004 & Dembo, 2015. Descriptions from Dembo, 2015",,,"Shape refers to the mesiodistal disposition of the apex, the height of mesial crown convexity, and the height of the mesial end of the lingual cingulum (Grine, 1985). Two states are recognized: (0) a centrally disposed apex with the convexity near the cervix (i.e., a low convexity), and (1) a mesially positioned apex with the convexity closer to the tip (a high convexity). Data are missing for A. aethiopicus, H. habilis and H. rudolfensis. This character replaces S&M 18 (deciduous canine shape). They described this feature as being either tall and narrow, or low, wide and blunt. Because these definitions reflect size aswell as shape, the character is redundant with our character 51 (canines reduced). Pg. 75",
24,Incisal reduction,Incisor,DEN,D,OM,BOTH,D,UBERON:0001098,The summed mediodistal means of the I1 and I2.,3,Not reduced (0); Moderate (1); Reduced (2),"Traits from Strait, 1997;2004 & Dembo, 2015. Descriptions from Dembo, 2015",,,,
25,Premolar crown area,Premolar,DEN,D,OM,PHY,,UBERON:0007120,,,,"Traits from Strait, 1997;2004",,,"This character and the following (54, molar crown area) replace S&M 28 (‘‘postcanine tooth area’’). Their single character has been divided because premolars and molars do not necessarily change (either increase or decrease) in size at the same rate in all species, as revealed not only by values for individual specimens that possess both premolars and all three molars, but also by species values determined from crown area means. Premolar crown area was determined for specimens with associated P3  and P4 or p3 and p4. Crown areas of either the upper or lower teeth were added to provide a single value for each specimen, and the square root of the summed area value was used in order to obviate the effect of exponential enlargement of area with a linear increase in MD and BL dimensions. This character is a composite of maxillary and mandibular crowns area distributions. While maxillary and mandibular ranges may differ, there is consistency in the trends that they established. The character states are determined by the degree of overlap and disjunction among the observed ranges, especially those for maxillary teeth. Mensurational data are from Mahler (1973) for Pan and Gorilla, Jacobson (1982) for H. sapiens, Tobias (1991) for Olduvai Gorge specimens of H. habilis, Johanson et al. (1982), White (1977, 1980), Kimbel et al. (1994) and White et al. (1993) for the Hadar, Laetoli and Maka specimens of A. afarensis, and Grine (pers. obs.) for all other specimens. With regard to P. aethiopicus, only a single upper premolar of disputed allocation is known (Suwa, 1989; Grine et al., 1991), but the mandibular premolars of KNM-WT 16005 and L. 860-2 are intermediate in size between those of P. robustus and P. boisei. Pg. 76-77",
26,Molar crown area,Molar,DEN,D,OM,PHY,,UBERON:0003655,,,,"Traits from Strait, 1997;2004",,,"This value was calculated for specimens with associated M1 –M3 , and/or m1–m3, where the crown areas of the three teeth could be summed to a single value. The square root of the summed area value was employed in order to preclude the effect of exponential area enlargement with the linear increase of MD and BL dimensions. The character is a composite of maxillary and mandibular crown area distributions, which are similar, but not identical. Although the ranges may differ, there is overall consistancy in their trends. Character states are determined by the degree of overlap and disjunction among the observed ranges, especially for maxillary teeth. Mensurational data are taken from the same sources as for character 53. Although there is no associated M1 –M3 or m1–m3 for any H. rudolfensis specimen, the M1 and M2 of KNM-ER 1590, and the m1s and m2s of KNM-ER 1820 and UR 501 are comparatively large (especially compared to H. habilis homologues). In addition, Wood (1992) has noted that H. rudolfensis specimens do not exhibit M3 reduction, in comparison to H. habilis specimens. Thus, we are reasonably confident in our assignment of a character state to H. rudolfensis as being equivalent to A. africanus and P. robustus, and larger than H. habilis. A. aethiopicus is accepted as having large molar teeth. Although there is no complete crown associated with KNM-WT 17000, it has very large tooth roots (cf. OH 5), and while there is no m3 that has been definitely attributed to A. aethiopicus, the roots and alveoli of Omo 57.4–1968–41 indicate the presence of three large molars. This, together with the KNM-WT 16005 crowns provide for a reasonably confident assignment of overall molar crown size. Pg. 77",
27,dM1 mesial crown profile,Molar,DEN,D,UM,PHY,,UBERON:0003655,"This character comprises several inter-related traits. These are: the position of the protoconid relative to the metaconid, the disposition of the mesial marginal ridge, and the structure of the fovea anterior.",3,"MMR absent, protoconid anterior, fovea open (0); MMR slight, protoconid anterior, fovea open (1); MMR thick, protoconid even with metaconid, fovea closed (2)","Traits from Strait, 1997;2004 & Dembo, 2015. Descriptions from Dembo, 2015",,,"This character replaces S&M 29 (""distal crown profile of dm1"") which was taken from White et al. (1981). Grine (1984) has demonstrated that because of its intraspecific polymorphism, the distal crown profile of the dm1 fails to distinguish adequately between taxa. The mesial crown profile, on the other hand, is a feature that has been shown to differ between species, and to exhibit a low degree of variability within OTUs (Robinson, 1954; Grine, 1984, 1985). This character comprises several inter-related traits, which were atomized by Grine (1985). These are: (a) the position of the protoconid relative to the metaconid, (b) the disposition of the mesial marginal ridge, and (c) the structure of the fovea anterior. Three states are recognized: (0) there is virtually no mesial marginal ridge present, the protoconid is situated well mesial, and the anterior fovea exhibits a wide lingual opening, (1) the mesial marginal ridge is slight, the protoconid is situated mesial of metaconid, the fovea anterior opens lingually via a fissure between the mesial marginal ridge and the metaconid, (2) the mesial marginal ridge is well-developed and horizontally disposed, the protoconid is nearly level with metaconid, and the anterior fovea is enclosed lingually. Information for H. habilis and H. rudolfensis is lacking because no dm1 is definitively attributable to either, because we accept that the KNM-ER 820 and KNM-ER 1507 likely represents H. ergaster. Omo 222-2744 is a very early specimen of Homo (Grine, 1984), but its specific attribution is unresolved. The datum for A. aethiopicus is based on L.704-2 from Member D. Pg. 77-78",
28,Distal marginal ridge of dM2,Molar,DEN,D,UM,PHY,,UBERON:0003655,The development of the distal marginal ridge of deciduous second molar.,2,Low (0); High (1),"Traits from Strait, 1997;2004 & Dembo, 2015. Descriptions from Dembo, 2015",,,"This character is taken from Grine (1985). Two states are recognized: (0) the distal marginal ridge is high at its buccal end, being confluent with the metacone near its apex; and (1) the ridge is buccally low and narrow, attaining confluence with the metacone near its base. Data are not available for H. ergaster or A. aethiopicus because no dm2 is definitively attributable to either species. Pg. 78",
29,Separation of molar and premolar cusp apices,Mandible,DEN,D,,PHY,,UBERON:0001684,,,,"Traits from Strait, 1997;2004 & Dembo, 2015. Descriptions from Dembo, 2015",,,"This character replaces S&M 31, which alludes simply to the separation of the cusps of the P4 . The condition exhibited by the P4 applies equally to the P3, the lower premolars, and the upper and lower molars. This character reflects the position of the cusp tips being nearer the crown margin in occlusal view, or closer to the crown center (Clarke, 1977; Tobias, 1991; Grine & Strait, 1994). Three states are recognized: (0) apices widely separated and approximate the outer crown margins, (2) apices are close together, and (1) a condition intermediate between the first two. S&M 41 (‘‘degree of lower molar cusp swelling’’) is related to the disposition of the cusp tips, because when apices are close together, the cusps appear swollen. Pg. 78",
30,Frequency of well developed P3,Premolar,DEN,D,OM,PHY,,UBERON:0007120,,,,"Traits from Strait, 1997;2004 & Dembo, 2015. Descriptions from Dembo, 2015",,,,
31,Mesiobuccal protrusion of P3 crown base,Premolar,DEN,D,OM,PHY,,UBERON:0007120,The degree of overall asymmetry of the crown of maxillary and mandibular P3.,3,Strong (0); Moderate (1); Weak or absent (2),"Traits from Strait, 1997;2004 & Dembo, 2015. Descriptions from Dembo, 2015",,,,"This feature relates to both the upper and lower P3. Together with p3 metaconid development, it relates to the overall asymmetry of the crown. In the study by Strait et al. (1997), the P3 occlusal outline was omitted as a character because it was judged to be a poor discriminator of hominid species. While the occlusal outline per se displays considerable intraspecific variability, the degree of asymmetry of the crown base appears to differentiate certain taxa (White et al., 1994; Leakey et al., 1995). That is, the tuberculum premolar may be developed, resulting in a mesiobuccal protrusion of the crown base. This may result in an asymmetrical crown profile. The degree of symmetry, then, is scored as the mesiobuccal protrusion of the crown base being strong (state 0), moderate (state 1), variable (state 2), or weak to absent (state 3). Unlike the development of the transverse ridge, and the development and mesial enclosure of the fovea anterior, the development of the mesiobuccal flange (=tuberculum premolare) of the p3 is not related directly to the size and disposition of the metaconid. Because the degree of mesiobuccal protrusion of the P3 crown base serves to differentiate taxa, it has been added to the phylogenetic character matrix. In their description of Australopithecus garhi, Asfaw et al. (1999a: table 1) referred to the ‘‘UP3 occlusal outline’’ and the ‘‘UP3 mesiobuccal line extension’’ as separate features. We consider these features to be related, as the mesiobuccal line extension refers to the cervical convexity of the tuberculum premolar, and the occlusal outline is affected by its development. In their initial analysis of the characters iterated by Asfaw et al. (1999a), as pertaining to A. garhi, Strait and Grine (1999) conflated them and simply referred to the character as number 61 and employed the name ‘‘UP3 occlusal outline’’ because it was used by Asfaw et al. (1999a) and is commonly employed, even though the specific feature of interest pertains to the mesiobuccal protrusion of the crown base (=tuberculum premolare). This choice of name led McCollum (1999b) to criticize Strait and Grine (1999) for apparently including a character that had been previously excluded (Strait et al., 1997). We clarify here that the manner in which the character was assessed differed in the two studies. To avoid further confusion, we refer here to the development of the tuberculum premolare as the mesiobuccal protrusion of the crown base. In the diagnosis of Ar. ramidus, White et al. (1994: 306) stated that compared to other hominids, the ‘‘p3 [is] more strongly asymmetrical. with posterolingually divided transverse crest.’’ In addition, they noted (1994: 308) the‘‘p3 is markedly more ape-liket han any A.afarensis homologue in its high protoconid with extensive buccal face and steep, distolingually directed transverse crest.’’ White et al. (1994: 308) commented further that ‘‘the strong mesiobuccal protrusion of ARA-VP-6/ 1 crown base is also outside the known A. afarensis range,’’ but they noted that another specimen (ARA-VP-1/128) has a ‘‘weaker mesiobuccal protrusion of the crown base,’’ which is similar to Pr. afarensis homologues. Ardipithecus ramidus is thus scored as being intermediate between Pan and Pr. afarensis in the asymmetry of its lower P3 crown. In the description of A. anamensis, Leakey et al. (1995: 565) observed that it can be differentiated from Pr. afarensis on the basis that its ‘‘[lower] third premolar is very asymmetrical with a blunt, centrally positioned main cusp,’’ and because its P3 has an ‘‘extensive sloping’’ buccal surface. This species is, therefore, scored as being intermediate between Pan and Pr. afarensis in the asymmetry of its P3 crown. In their diagnosis of A. garhi, Asfaw et al. (1999a: table 1) noted that the upper P3 has a ‘‘more oval’’ occlusal outline, a derived state shared with Homo and A. africanus. They also observed that the ‘‘mesiobuccal line extension’’ is lacking. Paranthropus afarensis is scored as variable in this feature on the basis of Leonard and Hegmon’s (1987) data and on observations of casts of all of the available (i.e., published) premolars. For example, LH 4 has a moderate degree of mesiobuccal protrusion of its lower P3, whereas A.L. 333w-60 exhibits weak mesiobuccal protrusion; the A.L. 2661 P3 is intermediate between these two extremes. Pg. 443-444"
32,Orientation of mandibular premolar row (dental arcade shape),Mandible,DEN,D,UM,PHY,,UBERON:0001684,The orientation of the dental arcade measured as the ratio between the internal bialveolar margin distances at mandibular canine and M2 positions.,2,U shaped (0); Parabolic (1),"Traits from Strait, 1997;2004 & Dembo, 2015. Descriptions from Dembo, 2015",,,,"Two states are recognized: (State 0) P3-P4 MD axis is parasagittal, and thus in line with the straight molar rows that are also in, or approximate to, the sagittal plane. A parasagittal premolar row is equivalent to a U-shaped arcade. (State 1) P3-P4 MD axis is obliquely inclined to the sagittal plane. The premolars may be angled to the molars, providing a parabolic arcade, or the entire postcanine tooth row may be divergent, providing a V-shaped arcade. Australopithecus anamensis has been described as having tooth rows that are parallel and close together (Leakey et al., 1995), and White et al. (1981: 457) described Pr. afarensis as having ‘‘tooth rows typically straight. Resembles apes.’’ These taxa were therefore assigned state 0. Note differences with Strait and Grine (1999), in which dental arcade shape included upper and lower jaws. In retrospect, mandibles are more diagnostic, and thus this character is missing in A. garhi. Pg. 444"
33,Parietal tuber,Parietal,CR,D,UM,PHY,,UBERON:0000210,The presence of a parietal tuber or eminence.,2,,"Traits from Strait, 1997;2004 & Dembo, 2015. Descriptions from Dembo, 2015",,,,"Asfaw et al. (1999a) referred to this feature as a synapomorphy of the genus Homo. According to them, it is absent in Pr. afarensis, A. garhi, A. africanus, and all three species of Paranthropus. It is also absent in Pan and Gorilla, and present in modern humans. Pg. 444-445"
34,Parietomastoid angle,Parietal,DEN,D,UM,PHY,,UBERON:0000210,,,,"Traits from Strait, 1997;2004 & Dembo, 2015. Descriptions from Dembo, 2015",,,,We follow Asfaw et al. (1999a) in their categorization of the BOU-VP-12/130 partial A. garhi cranium as having a ‘‘weak angle.’’ Pg. 445
35,External auditory meatus size,Temporal,CR,D,UM,PHY,,UBERON:0001678,The size of external auditory meatus.,2,Small (0); Large (1),"Traits from Strait, 1997;2004 & Dembo, 2015. Descriptions from Dembo, 2015",,,,"Leakey et al. (1995) noted that the external auditory meatus of A. anamensis is small, resembling that of extant apes, and they cite a personal communication from T.D. White indicating that the meatus in Ar. ramidus is also small. More recently, Leakey et al. (2001) described the meatus of KNM-WT 40000 as being small as well. All other early hominid species preserving this feature have a large meatus. Pg. 445"
36,Separation of mandibular tooth rows,Mandible,DEN,D,UM,PHY,,UBERON:0001684,,,,"Traits from Strait, 1997;2004 & Dembo, 2015. Descriptions from Dembo, 2015",,,,
37,Configuration of the superior orbital fissure,Orbit,CR,D,UM,PHY,,UBERON:0001697,The width of the dental arcade.,,Widely separated (0); Narrow separation (1),"Traits from Strait, 1997;2004 & Dembo, 2015. Descriptions from Dembo, 2015",,,,"This feature was described by Rak et al. (1996). A ‘‘comma-shaped’’ superior orbital fissure is present in humans, whereas a superior orbital foramen is present in the African apes. The character states recognized by Rak et al. (1996) are accepted here. Pg. 445"
38,Size of Longus capitis insertion,Occipital,CR,D,UM,PHY,,UBERON:0001676,,2,,"Traits from Strait, 1997;2004 & Dembo, 2015. Descriptions from Dembo, 2015",,,,"This feature is described by Dean (1985) and also by Aiello and Dean (1990: 235-236), who noted that specimens of Paranthropus contrast with those of Australopithecus in having ‘‘a wider nasopharynx’’ and in lacking ‘‘the prominent muscle markings present in [this] region’’ (p. 236). Dean (1985: 48) noted that Australopithecus africanus (i.e., Sts 5, MLD 37/38) ‘‘appears to retain the long anteroposterior insertion of the longus capitis muscles seen in the great apes, ‘‘and that ‘‘prevertebral muscles in gracile australopithecines. are still relatively large and apelike, markedly more so. than in the ‘robust’ australopithecines.’’ According to Aiello and Dean (1990: 235-236), ‘‘the combination of characters found in apes and A. africanus crania differs from those typical of crania attributed to Paranthropus or early or modern Homo.’’ We measured the sizes of the depressions for the insertion of longus capitis where they were discernible, noted the degree of development of the muscle markings, and the orientation of the depression. Our measurements (on casts) differ from those recorded by Dean (1985), who measured the original specimens, in that our dimensions are somewhat smaller. Nevertheless, both sets of measurements indicate that two fairly clearly defined states are recognizable: large depressions (state 0) are approximately 10 mm x 12 mm according to our measurements. These are also associated with prominent ridges, and the depressions have an anteroposterior orientation. Small depressions (state 1) are approximately 7 mm x 8 mm according to our measurements. These are associated with slightly raised ridges, and the depression has no distinct orientation, being generally more circular than elongate. In some specimens the ridges are so slight that a distinct fossa cannot be discerned (e.g., SK 48). Pg. 445"
39,Height of articular eminence above occlusal plane,,DEN,D,,PHY,,,,,,"Traits from Strait, 1997;2004 & Dembo, 2015. Descriptions from Dembo, 2015",,,,
40,Extensive mesial groove on upper canine,Canine,DEN,D,UM,PHY,,UBERON:0018583,,,,"Traits from Strait, 1997;2004 & Dembo, 2015. Descriptions from Dembo, 2015",,,,"Senut et al. (2001) noted that Orrorin tugenensis exhibits a primitive feature that is absent from all other known hominid species, namely the presence of a mesial groove on the upper canine that extends to the crown apex. Such a groove is present in all non-hominid primates examined here and is absent in all hominid species preserving the upper canine crown. In Ar. ramidus, the groove is marked, but does not extend to the crown apex (White et al., 1994), and thus this species is coded as the other hominids. This character cannot be assessed in S. tchadensis because the canine crown on the holotype specimen is cracked, and the apex is worn. Pg. 446"
41,Depth of subarcuate fossa,Temporal,CR,D,OM,PHY,,UBERON:0001678,,,,"Traits from Strait, 1997;2004 & Dembo, 2015. Descriptions from Dembo, 2015",,,,
42,Orientation and length of the post-incisive planum,Mandible,CR,D,UM,PHY,,UBERON:0001684,,,,"Traits from Strait, 1997;2004 & Dembo, 2015. Descriptions from Dembo, 2015",,,,
43,Distinctiveness of angular process of mandible,Mandible,CR,D,UM,PHY,,UBERON:0001684,The development of the angular process.,,Distinct with posterior projection (0); Not distinct (1),"Traits from Strait, 1997;2004 & Dembo, 2015. Descriptions from Dembo, 2015",,,,
44,Axis of ear bones,Temporal,CR,D,UM,PHY,,UBERON:0001678,The angle of the axis of ear bones.,2,Right angle or more (0); Acute angle (1),"Traits from Strait, 1997;2004 & Dembo, 2015. Descriptions from Dembo, 2015",,,,
45,Area of inner ear,Temporal,CR,C,UM,PHY,,UBERON:0001678,The area of inner ear. (Low<50mm sq; Higher>50 mm sq),2,Low (0); Higher (1),"Traits from Strait, 1997;2004 & Dembo, 2015. Descriptions from Dembo, 2015",,,,
46,Presence/absence of frontal sinus,Frontal,CR,D,UM,PHY,,UBERON:0000209,,2,,"Traits from Strait, 1997;2004 & Dembo, 2015. Descriptions from Dembo, 2015",,,,
47,Position of infraorbital foramen relative to orbit,Orbit,CR,D,UM,PHY,,UBERON:0001697,The position of the infraorbital foramen relative to the zygomaxillary suture.,,Foramen beneath middle third of orbital breadth (0); Foramen beneath medial third of orbital breadth (1),"Traits from Strait, 1997;2004 & Dembo, 2015. Descriptions from Dembo, 2015",,,,
48,Glabellar prominence relative to sella,,CR,D,,PHY,,UBERON:0001683,,2,,"Traits from Strait, 1997;2004 & Dembo, 2015. Descriptions from Dembo, 2015",,,,
49,Supraorbital expression,Orbit,CR,D,UM,TAX,D,UBERON:0001697,Prominence of brow ridge,,Absent (0); Present (1) ,Dart 1925,,,,
50,Supraorbital contour,Orbit,CF,D,UM,PHY,,UBERON:0001697,The contour of the supraorbital region.,2,Less arched (0); Arched (1),"Traits from Strait, 1997;2004 & Dembo, 2015. Descriptions from Dembo, 2015",,,,
51,Position of zygomatic foramina,Zygomatic,CF,D,UM,PHY,,UBERON:0001683,The position of the zytomatic foramina relative to the plane of the orbital rim.,2,At or below plane of orbital rim (0); Above plane of orbital rim (1),"Traits from Strait, 1997;2004 & Dembo, 2015. Descriptions from Dembo, 2015",,,,
52,Patency of premaxillary suture in adults from frontal view,Maxilla,CF,D,UM,PHY,,UBERON:0002397,The presence of premaxillary suture in adults.,2,Patent (0); Obliterated (1); Trace (2),"Traits from Strait, 1997;2004 & Dembo, 2015. Descriptions from Dembo, 2015",,,,
53,Petrous apex ossified beyond spheno-occipital synchondrosis,Occipital,CR,D,UM,PHY,,UBERON:0001676,The degree of ossification of the petrous apex.,3,Not ossified (0); Ossified with projection (1),"Traits from Strait, 1997;2004 & Dembo, 2015. Descriptions from Dembo, 2015",,,,
54,I2 similar in shape to I1,Incisor,DEN,D,UM,PHY,,UBERON:0001098,,2,,"Traits from Strait, 1997;2004 & Dembo, 2015. Descriptions from Dembo, 2015",,,,
55,Basal keel of lower canine,Canine,DEN,D,OM,PHY,,UBERON:0018583,,,,"Traits from Strait, 1997;2004 & Dembo, 2015. Descriptions from Dembo, 2015",,,,
56,Basal area of paracone of P3,Premolar,DEN,D,,PHY,,UBERON:0007120,,,,"Traits from Strait, 1997;2004 & Dembo, 2015. Descriptions from Dembo, 2015",,,,
57,Molar cingulum,Molar,DEN,D,UM,PHY,,UBERON:0003655,,,,"Traits from Strait, 1997;2004 & Dembo, 2015. Descriptions from Dembo, 2015",,,,
58,Metaconid of dp3,Premolar,DEN,D,OM,PHY,,UBERON:0007120,,,,"Traits from Strait, 1997;2004 & Dembo, 2015. Descriptions from Dembo, 2015",,,,
59,Talonid basin of dp3,Premolar,DEN,D,UM,PHY,,UBERON:0007120,,,,"Traits from Strait, 1997;2004 & Dembo, 2015. Descriptions from Dembo, 2015",,,,
60,Distal trigonid crest on dp4,Premolar,DEN,D,UM,PHY,,UBERON:0007120,,,,"Traits from Strait, 1997;2004 & Dembo, 2015. Descriptions from Dembo, 2015",,,,
61,"Protocone of dp3, in occlusal view",Premolar,DEN,D,UM,PHY,,UBERON:0007120,,,,"Traits from Strait, 1997;2004 & Dembo, 2015. Descriptions from Dembo, 2015",,,,
62,Crista obliqua of dp4,Premolar,DEN,D,UM,PHY,,UBERON:0007120,,,,"Traits from Strait, 1997;2004 & Dembo, 2015. Descriptions from Dembo, 2015",,,,
63,Condylar canal,Occipital,CR,D,UM,PHY,,UBERON:0001676,The presence of condylar canal on the skull base.,,Absent or infrequent (0); Frequently present (1),"Traits from Strait, 1997;2004 & Dembo, 2015. Descriptions from Dembo, 2015",,,,
64,Mandibular corpus depth along tooth row,Mandible,DEN,D,OM,PHY,,UBERON:0001684,The height of mandibular corpus along tooth row.,2,Shallow mesially (0); Constant (1); Deepens mesially (2),"Traits from Strait, 1997;2004 & Dembo, 2015. Descriptions from Dembo, 2015",,,,
65,Ethmo-sphenoid contact,Basicranium,CR,D,OM,PHY,,UBERON:0002517,The frequency of contact between ethmoid and sphenoid bones.,3,Usually absent (0); Variable (1); Usually present (2); Present (3),"Traits from Strait, 1997;2004 & Dembo, 2015. Descriptions from Dembo, 2015",,,,
66,I1 lingual crenulations,Incisor,DEN,D,UM,PHY,,UBERON:0001098,"The extent of enamel
crenulations on the lingual
surface of maxillary I1.",4,"Absent (0);
Marginal (1);
Whole surface
(2)","Traits from Strait, 1997;2004 & Dembo, 2015. Descriptions from Dembo, 2015",,,,
67,Canine sexual dimorphism,Canine,DEN,D,UM,PHY,,UBERON:0018583,Sexual dimorphism in canine size.,3,Hyper dimorphic (0); Strongly dimorphic (1); Moderately dimorphic (2); Monomorphic; small canines (3); Monomorphic; large canines (4),"Traits from Strait, 1997;2004 & Dembo, 2015. Descriptions from Dembo, 2015",,,,
68,Sulcus obliqus,Dentition,DEN,D,UM,PHY,,UBERON:0003672,"The development of oblique
sulcus.",4,"Weak to
moderate (0);
Strong (1)","Traits from Strait, 1997;2004 & Dembo, 2015. Descriptions from Dembo, 2015",,,,
69,Cranial vault thickness,Vault,CR,D,OM,PHY,,UBERON:0004339,The thickness of the cranial vault measured at parietal eminence.,3,Thin (0); Intermediate (1); Thick (2),"Traits from Strait, 1997;2004 & Dembo, 2015. Descriptions from Dembo, 2015",,The thickness of the cranial vault measured at parietal eminence. (Ordered). States: Thin (0); Intermediate (1); Thick (2),,
70,Calvarial height to breadth,Vault,CR,C,OM,PHY,,UBERON:0004339,"The ratio of the calvarial height on the coronal plane of porion to the minimum breadth of cranial base, or the distance between the porial saddles.",3,Low (0); Very low (1); High (2),"Traits from Strait, 1997;2004 & Dembo, 2015. Descriptions from Dembo, 2015",,"The ratio of the calvarial height on the coronal plane of porion to the minimum breadth of cranial base, or the distance between the porial saddles. (Ordered). States: Low (0); Very low (1); High (2)",,
71,Cranial vault index,Vault,CR,C,UM,BOTH ,D,UBERON:0004339,The index calculated as the cranial height divided by cranial length. (Low and Long<0.62. Short and high>0.62).,3,Long low cranium (0); Short high cranium (1),"Traits from Strait, 1997;2004 & Dembo, 2015. Descriptions from Dembo, 2015; Berger 2010",,The index calculated as the cranial height divided by cranial length. (Low and Long<0.62. Short and high>0.62). (Unordered) States: Long low cranium (0); Short high cranium (1),,
72,Height of calvaria relative to orbits,Vault,CR,D,OM,PHY,,UBERON:0004339,The portion of the calvarial height above the orbit expressed as a percentage of the total calvarial height.,2,Low (0); Moderate (1); High (2),"Traits from Strait, 1997;2004 & Dembo, 2015. Descriptions from Dembo, 2015",,The portion of the calvarial height above the orbit expressed as a percentage of the total calvarial height. (Ordered). States: Low (0); Moderate (1); High (2),,
73,Maximum cranial breadth,Vault,CR,D,OM,PHY,,UBERON:0004339,The location where maximum cranial breadth is measured.,3,Close to cranial base (0); Cranial base biparietal similar (1); At biparietal (2),"Traits from Strait, 1997;2004 & Dembo, 2015. Descriptions from Dembo, 2015",,The location where maximum cranial breadth is measured. (Ordered). State: Close to cranial base (0); Cranial base biparietal similar (1); At biparietal (2),,
74,Cranial contour in norma occipitalis,Vault,CR,D,UM,PHY,,UBERON:0004339,The cranial contour in norma occipitalis.,3,Low and broad (0); en bombe (1); en maison (2),"Traits from Strait, 1997;2004 & Dembo, 2015. Descriptions from Dembo, 2015",,The cranial contour in norma occipitalis. (Unordered). States: Low and broad (0); en bombe (1); en maison (2),,
75,Anterior calvarial contour in profile,Vault,CR,D,UM,PHY,,UBERON:0004339,Anterior calvarial contour in profile,3,Deviates from circle (0); Aligned with circle (1),"Traits from Strait, 1997;2004 & Dembo, 2015. Descriptions from Dembo, 2015",,The contour of the anterior calvarium. (Unordered). States: Deviates from circle (0); Aligned with circle (1),,
76,Posterior calvarial contour,Vault,CR,D,UM,PHY,,UBERON:0004339,The curvature of the posterior portion of the cranial vault along the midsagittal cross-section.,2,Aligned with circle (0); Deviates from circle (1),"Traits from Strait, 1997;2004 & Dembo, 2015. Descriptions from Dembo, 2015",,The curvature of the posterior portion of the cranial vault along the midsagittal cross-section. (Unordered). States: Aligned with circle (0); Deviates from cricle (1),,
77,Parietal wall verticality,Parietal,CR,D,UM,PHY,,UBERON:0000210,The superior convergence of lateral parietal walls in posterior view.,2,Present (0); Absent (1),"Traits from Strait, 1997;2004 & Dembo, 2015. Descriptions from Dembo, 2015",,The superior convergence of lateral parietal walls in posterior view. (Unordered). State: Present (0); Absent (1),,
78,Sagittal crest,Parietal,CR,D,UM,BOTH ,D,UBERON:0000210,The presence of a sagittal crest.,2,Present (0); Absent (1),"Traits from Strait, 1997;2004 & Dembo, 2015. Descriptions from Dembo, 2015",,The presence of a sagittal crest. (Unordered). States: Present (0); Absent (1),,
79,Sagittal keel,Parietal,CR,D,UM,BOTH ,D,UBERON:0000210,The presence of a sagittal keel.,2,Absent (0); Present (1),"Traits from Strait, 1997;2004 & Dembo, 2015. Descriptions from Dembo, 2015",,The presence of a sagittal keel. (Unordered). States: Absent (0); Present (1),,
80,Upper facial breadth,Face,CF,D,OM,PHY,,UBERON:0001456,The index of bi-frontomalare temporale divided by orbital height.,2,Narrow (0); Intermediate (1); Broad (2); Extremely broad (3),"Traits from Strait, 1997;2004 & Dembo, 2015. Descriptions from Dembo, 2015",,The index of bi-frontomalare temporale divided by orbital height. (Ordered). States: Narrow (0); Intermediate (1); Broad (2); Extremely broad (3),,
81,Outline of superior facial mask,Face,CF,D,UM,PHY,,UBERON:0001456,The bi-maxillary tubercle width relative to bi-frontomalare-temporale width.,4,Tapered (0); Squared (1),"Traits from Strait, 1997;2004 & Dembo, 2015. Descriptions from Dembo, 2015",,The bi-maxillary tubercle width relative to bi-frontomalare-temporale width. (Unordered). States: Tapered (0); Squared (1),,
82,Lateral anterior facial contour,Face,CF,D,UM,PHY,,UBERON:0001456,The facial contour in lateral view.,2,Bipartite (0); Straight (1) ,"Traits from Strait, 1997;2004 & Dembo, 2015. Descriptions from Dembo, 2015; Asfaw et al. 1999",,The facial contour in lateral view. (Unordered). States: Bipartite (0); Straight (1),,
83,Facial prognathism,Face,CF,C,OM,BOTH ,D,UBERON:0001456,"The proportion of the palate anterior to sellion. (Index > 57= prognathic, 30<Index<57 = mesognathic, Index <30 = orthognathic).",2,Prognathic (0); Mesognathic (1); Orthognathic (2),"Traits from Strait, 1997;2004 & Dembo, 2015. Descriptions from Dembo, 2015",,"The proportion of the proportion of the palate anterior to sellion. (Index > 57=prognathic, 30<Index<57=orthognathic). (Ordered). States: Prognathic (0); Mesognathic (1); Orthognathic (2)",,
84,Bregmatic protuberance,Frontal,CR,D,UM,PHY,,UBERON:0000209,The presence of a brebmatic protuberance.,3,Absent (0); Present (1),"Traits from Strait, 1997;2004 & Dembo, 2015. Descriptions from Dembo, 2015",,The presence of a brebmatic protuberance. (Unordered). States: Absent (0); Present (1),,
85,Precoronal depression,Frontal,CR,D,UM,PHY,,UBERON:0000209,The presence of a precoronal depression.,2,Absent (0); Precoronal plane present (1); Precoronal depression present (2),"Traits from Strait, 1997;2004 & Dembo, 2015. Descriptions from Dembo, 2015",,The presence of a precoronal depression. (Unordered). States: Absent (0); Precoronal plane present (1); Precoronal depression present (2),,
86,Coronal reinforcement,Frontal,CR,D,UM,PHY,,UBERON:0000209,The thickness of the frontal at and along the coronal suture.,3,Absent (0); Present at upper part of squama (1); Present and continues laterally (2) ,"Traits from Strait, 1997;2004 & Dembo, 2015. Descriptions from Dembo, 2015",,The thickness of the frontal at and along the coronal suture. (Unordered). States: Absent (0); Present at upper part of squama (1); Present and continues laterally (2),,
87,Frontal contour in norma verticalis,Frontal,CR,D,UM,PHY,,UBERON:0000209,The contour of the frontal bone in superior view.,3,Linear (0); Convex (1),"Traits from Strait, 1997;2004 & Dembo, 2015. Descriptions from Dembo, 2015",,The contour of the frontal bone in superior view. (Unordered). States: Linear (0); Convex (1),,
88,Frontal eminence,Frontal,CR,D,UM,PHY,,UBERON:0000209,The presence of a frontal eminence.,2,Absent (0); Present (1),"Traits from Strait, 1997;2004 & Dembo, 2015. Descriptions from Dembo, 2015",,The presence of a frontal eminence. (Unordered). States: Absent (0); Present (1),,
89,Glabellar depression,Frontal,CR,D,UM,PHY,,UBERON:0000209,The presence of a depression at the glabella.,2,Absent (0); Present (1) ,"Traits from Strait, 1997;2004 & Dembo, 2015. Descriptions from Dembo, 2015",,The presence of a depression at the glabella. (Unordered). States: Absent (0); Present (1),,
90,Glabellar development,Frontal,CR,D,UM,PHY,,UBERON:0000209,The development of the glabella.,2,Weak (0); Prominent (1),"Traits from Strait, 1997;2004 & Dembo, 2015. Descriptions from Dembo, 2015",,The development of the glabella. (Unordered). States: Weak (0); Prominent (1),,
91,Glabellar region forms as prominent block,Frontal,CR,D,UM,PHY,,UBERON:0000209,Does the glabellar region form a prominent block.,2,Not a block (0); Block (1),"Traits from Strait, 1997;2004 & Dembo, 2015. Descriptions from Dembo, 2015",,Does the glabellar region form a prominent block. (Unordered). States: Not a block (0); Block (1),,
92,Supraglabellar tubercle,Frontal,CR,D,UM,PHY,,UBERON:0000209,The presence of a supraglabellar tubercle at the junction of postorbital sulcus and the frontal squama.,2,Absent (0); Present (1),"Traits from Strait, 1997;2004 & Dembo, 2015. Descriptions from Dembo, 2015",,The presence of a supraglabellar tubercle at the junction of postorbital sulcus and the frontal squama. (Unordered). States: Absent (0); Present (1),,
93,Microdepression of glabella,Frontal,CR,D,UM,PHY,,UBERON:0000209,"The presence of a small glabellary depression, associated with large glabellar projection.",2,"Absent (0);
Present (1)","Traits from Strait, 1997;2004 & Dembo, 2015. Descriptions from Dembo, 2015",,"The presence of a small glabellary depression, associated with large glabellar projection. (Unordered). States: Absent (0); Present (1)",,
94,Metopic keel,Frontal,CR,D,UM,PHY,,UBERON:0000209,The presence of a metopic keel.,2,Absent (0); Present (1),"Traits from Strait, 1997;2004 & Dembo, 2015. Descriptions from Dembo, 2015",,The presence of a metopic keel. (Unordered). States: Absent (0); Present (1),,
95,Lateral postorbital depression,Frontal,CR,D,UM,PHY,,UBERON:0000209,The presence of postorbital depression.,2,Absent (0); Present (1),"Traits from Strait, 1997;2004 & Dembo, 2015. Descriptions from Dembo, 2015",,The presence of postorbital depression. (Unordered). States: Absent (0); Present (1),,
96,Frontotemporale tubercle,Frontal,CR,D,UM,PHY,,UBERON:0000209,The presence of a tubercle at the fronto-temporal junction.,2,Absent (0); Present (1),"Traits from Strait, 1997;2004 & Dembo, 2015. Descriptions from Dembo, 2015",,The presence of a tubercle at the fronto-temporal junction. (Unordered). States: Absent (0); Present (1),,
97,Frontal trigone,Frontal,CR,D,UM,PHY,,UBERON:0000209,The presence of a frontal trigone.,2,Present (0); Absent (1),"Traits from Strait, 1997;2004 & Dembo, 2015. Descriptions from Dembo, 2015; Asfaw et al. 1999",,The presence of a frontal trigone. (Unordered). States: Present (0); Absent (1),,
98,Supratrigonal depression,Frontal,CR,D,UM,PHY,,UBERON:0000209,The presence of very small depressions on the medial edges of the posterior part of temporal lines.,2,Absent (0); Present (1),"Traits from Strait, 1997;2004 & Dembo, 2015. Descriptions from Dembo, 2015",,The presence of very small depressions on the medial edges of the posterior part of temporal lines. (Unordered). States: Absent (0); Present (1),,
99,Frontal sinus,Frontal,CR,D,UM,PHY,,UBERON:0000209,The presence of frontal sinus.,2,Absent (0); Present (1) ,"Traits from Strait, 1997;2004 & Dembo, 2015. Descriptions from Dembo, 2015",,The presence of frontal sinus. (Unordered). States: Absent (0); Present (1),,
100,Supraorbital sulcus,Frontal,CR,D,UM,PHY,,UBERON:0000209,The presence of a supraorbital sulcus.,2,Present (0); Absent (1),"Traits from Strait, 1997;2004 & Dembo, 2015. Descriptions from Dembo, 2015",,The presence of a supraorbital sulcus. (Unordered). States: Present (0); Absent (1),,
101,Supraorbital torus thickness,Frontal,CR,C,OM,PHY,,UBERON:0000209,The index to calculate the thickness of the torus at its midpoint. The thickness at midpoint is divided by orbital height. (Thin<0.15; Intermediate=0.15-0.29; Thick>0.29).,2,Thick (0); Intermediate (1); Reduced (2),"Traits from Strait, 1997;2004 & Dembo, 2015. Descriptions from Dembo, 2015",,The index to calculate the thickness of the torus at its midpoint. The thickness at midpoint is divided by orbital height. (Thin<0.15; Intermediate=0.15-0.29; Thick>0.29). (Ordered). States: Thick (0); Intermediate (1); Reduced (2),,
102,Supraorbital thickness gradient,Frontal,CR,D,UM,PHY,,UBERON:0000209,The thickness gradient of the orbital arch comparing medial and lateral thicknesses.,3,Medial to lateral (0); Lateral to medial (1),"Traits from Strait, 1997;2004 & Dembo, 2015. Descriptions from Dembo, 2015",,The thickness gradient of the orbital arch comparing medial and lateral thicknesses. (Unordered). States: Medial to lateral (0); Lateral to medial (1),,
103,Supraorbital torus development,Frontal,CR,D,OM,PHY,,UBERON:0000209,The development of supraortibal torus.,2,Torus (0); Intermediate (1); Weak (2),"Traits from Strait, 1997;2004 & Dembo, 2015. Descriptions from Dembo, 2015",,The development of supraorbital torus. (Ordered). States: Torus (0); Intermediate (1); Weak (2),,
104,Superior orbital fissure shape,Frontal,CR,D,UM,PHY,,UBERON:0000209,The shape of superior orbital fissure.,3,Foramen (0); Comma shaped (1),"Traits from Strait, 1997;2004 & Dembo, 2015. Descriptions from Dembo, 2015",,The shape of superior orbital fissure. (Unordered). States: Foramen (0); Comma shaped (1),,
105,Supraorbital corner shape,Frontal,CR,D,UM,PHY,,UBERON:0000209,The angularity of the superolateral corner of the orbit.,2,Angled (0); Rounded (1),"Traits from Strait, 1997;2004 & Dembo, 2015. Descriptions from Dembo, 2015",,The angularity of the superolateral corner of the orbit. (Unordered). States: Angled (0); Rounded (1),,
106,Lacrimal fossae location,Orbit,CR,D,UM,PHY,,UBERON:0001697,The location of lacrimal fossa relative to the inferior orbital margin.,2,Within orbit (0); Within infraorbital region (1),"Traits from Strait, 1997;2004 & Dembo, 2015. Descriptions from Dembo, 2015",,The location of the lacrimal fossa relative to the inferior orbital margin. (Unordered).  States: Within orbit (0); Within infraorbital region (1),,
107,Ethmolacrimal contact,Orbit,CR,D,UM,PHY,,UBERON:0001697,The length of ethmoid-lacrymal contact.,2,100 (0); Variable (1),"Traits from Strait, 1997;2004 & Dembo, 2015. Descriptions from Dembo, 2015",,The length of ethmoid-lacrymal contact. (Unordered). States: 100 (0); Variable (1),,
108,Interorbital breadth,Orbit,CR,D,UM,PHY,,UBERON:0001697,"The distance bewteen the orbits, calculated as an index relative to the orbit's breadth.",2,Narrow (0); Broad (1),"Traits from Strait, 1997;2004 & Dembo, 2015. Descriptions from Dembo, 2015",,"The distance between the orbits, calculated as an index relative to the orbit's breadth. (Unordered). States: Narrow (0); Broad (1)",,
109,Orbital shape,Orbit,CR,D,UM,PHY,,UBERON:0001697,The shape of the orbits evaluated by height vs breadth measurements.,2,Oval (0); Circular (1); Rectangular (2),"Traits from Strait, 1997;2004 & Dembo, 2015. Descriptions from Dembo, 2015",,The shape of the orbits evaluated by height vs breadth measurements. (Unordered). States: Oval (0); Circular (1); Rectangular (2),,
110,Inferior orbital margin position relative to nasal margin,Orbit,CR,D,OM,PHY,,UBERON:0001697,The horizontal position of the inferior orbital margins against the superior nasal aperture margin viewed anteriorly.,3,Well above superior nasal margin (0); Close to superior nasal margin (1); Well below superior nasal margin (2),"Traits from Strait, 1997;2004 & Dembo, 2015. Descriptions from Dembo, 2015",,The horizontal position of the inferior orbital margins against the superior nasal aperture margin viewed anteriorly. (Ordered). States: Well above superior nasal margin (0); Close to superior nasal margin (1); Well below superior nasal margin (2),,
111,Nasal keel,Nasal,CR,D,UM,PHY,,UBERON:0001681,"The presence of a distinct vertical ""pinching"" of the nasal bones along its midline.",3,Present (0); Absent (1),"Traits from Strait, 1997;2004 & Dembo, 2015. Descriptions from Dembo, 2015",,"The presence of a distinct vertical ""pinching"" of the nasal bones along its midline. (Unordered). States: Present (0); Absent (1)",,
112,Eversion of superior nasal aperture margin,Nasal,CR,D,UM,PHY,,UBERON:0001681,The degree of superior nasal aperture margin eversion.,2,None (0); Slight (1),"Traits from Strait, 1997;2004 & Dembo, 2015. Descriptions from Dembo, 2015",,The degree of superior nasal aperture margin eversion. (Unordered). States: None (0); Slight (1),,
113,Profile of nasal saddle and nasal roof,Nasal,CR,D,UM,PHY,,UBERON:0001681,The contour of nasal saddle and nasal roof.,2,Flat (0); Small curve (1); Well defined curve (2); Deep angled (3),"Traits from Strait, 1997;2004 & Dembo, 2015. Descriptions from Dembo, 2015",,The contour of nasal saddle and nasal roof. (Unordered). States: Flat (0); Small curve (1); Well defined curve (2); Deep angled (3),,
114,Inferior width of projecting nasal bone,Nasal,CR,D,UM,PHY,,UBERON:0001681,The inferior width of projecting nasal bone.,4,Narrow (0); Wide (1); Not projecting (2),"Traits from Strait, 1997;2004 & Dembo, 2015. Descriptions from Dembo, 2015",,The inferior width of projecting nasal bone. (Unordered). States: Narrow (0); Wide (1); Not projecting (2),,
115,Anterior nasal spine relative to nasal aperture,Nasal,CR,D,OM,PHY,,UBERON:0001681,The development of anterior nasal spine relative to nasal aperture.,3,Absent (0); Anterior (1); Enlarged (2); Posterior (3),"Traits from Strait, 1997;2004 & Dembo, 2015. Descriptions from Dembo, 2015",,The development of anterior nasal spine relative to nasal aperture. (Ordered). States: Absent (0); Anterior (1); Enlarged (2); Posterior (3),,
116,Nasal margin crest/spine patterns,Nasal,CR,D,UM,PHY,,UBERON:0001681,The development of nasal margin crest or spine.,4,Lateral crest (0); Lateral turbinal and spinal crests (1); Fused spinal and turbinal crests and lateral crest (2); Fused lateral and spinal crests and turbinial crest (3); Fused lateral and spinal crests and partial fusion of spinal and turbinal (4); No crests (5),"Traits from Strait, 1997;2004 & Dembo, 2015. Descriptions from Dembo, 2015",,The development of nasal margin crest or spine. (Unordered). States: Lateral crest (0); Lateral turbinal and spinal crests (1); Fused spinal and turbinal crests and lateral crest (2); Fused lateral and spinal crests and turbinal crest (3); Fused lateral and spinal crests and partial fusion of spinal and turbinal (4); No crests (5),,
117,Nasal aperture margin sharpness,Maxilla,CR,D,UM,PHY,,UBERON:0002397,The sharpness of the nasal aperture margin.,6,Sharp (0); Dull (1),"Traits from Strait, 1997;2004 & Dembo, 2015. Descriptions from Dembo, 2015",,The sharpness of the nasal aperture margin. (Unordered). States: Sharp (0); Dull (1),,
118,Subnasal projection,Maxilla,CR,C,OM,PHY,,UBERON:0002397,The inclination of the nasoalveolar clivus measured relative to the occlusal plane. (Weak<100; Moderate=100-150; Marked>15).,2,Low (0); Intermediate (1); High (2),"Traits from Strait, 1997;2004 & Dembo, 2015. Descriptions from Dembo, 2015",,The inclination of the nasoalveolar clivus measured relative to the occlusal plane. (Weak<100; Moderate=100-150; Marked>15). (Ordered). States: Low (0); Intermediate (1); High (2),,
119,Subnasal length,Maxilla,CR,D,OM,PHY,,UBERON:0002397,The chord distance from nasospinale to prosthion.,3,Short (0); Intermediate (1); Long (2),"Traits from Strait, 1997;2004 & Dembo, 2015. Descriptions from Dembo, 2015",,The chord distance from nasospinale to prosthion. (Ordered). States: Short (0); Intermediate (1); Long (2),,
120,Alveolar clivus shape,Maxilla,CR,D,OM,PHY,,UBERON:0002397,The shape of alveolar clivus.,3,Convex (0); Flat (1); Concave (2),"Traits from Strait, 1997;2004 & Dembo, 2015. Descriptions from Dembo, 2015",,The shape of alveolar clivus. (Ordered). States: Convex (0); Flat (1); Concave (2),,
121,Protrusion of incisor alveoli beyond bicanine line in basal view,Maxilla,CR,D,UM,PHY,,UBERON:0002397,The position of the incisors relative to the canines in the coronal plane.,3,Beyond bicanine line (0); Within bicanine line (1),"Traits from Strait, 1997;2004 & Dembo, 2015. Descriptions from Dembo, 2015; Asfaw et al. 1999",,The position of the incisors relative to the canines in the coronal plane. (Unordered). States: Beyond bicanine line (0); Within bicanine line (1),,
122,External palate breadth,Palate,CR,D,OM,PHY,,UBERON:0012071,The index of external palate breadth at M2 divdied by orbital height.,2,Broad (0); Intermediate (1); Narrow (2),"Traits from Strait, 1997;2004 & Dembo, 2015. Descriptions from Dembo, 2015",,The index of external palate breadth at M2 divided by orbital height. (Ordered). States: Broad (0); Intermediate (1); Narrow (2),,
123,Incisive canal development,Palate,CR,D,OM,PHY,,UBERON:0012071,The development of incisive canal.,3,Slight canal (0); Intermediate (1); Extensive canal (2),"Traits from Strait, 1997;2004 & Dembo, 2015. Descriptions from Dembo, 2015",,The development of incisive canal. (Ordered). States: Slight canal (0); Intermediate (1); Extensive canal (2),,
124,Palate thickness,Palate,CR,C,UM,PHY,,UBERON:0012071,The thickness of the palate posterior to the incisive fossa. (Thick>7 mm; Thin<7 mm),3,Thin (0); Thick (1),"Traits from Strait, 1997;2004 & Dembo, 2015. Descriptions from Dembo, 2015; Asfaw et al. 1999",,The thickness of the palate posterior to the incisive fossa. (Thick>7 mm; Thin<7 mm). (Unordered). States: Thin (0); Thick (1),,
125,Incisive foramen position,Palate,CR,D,OM,PHY,,UBERON:0012071,The position of incisive foramen along tooth row.,2,Canine (0); P3 (1); P4 (2),"Traits from Strait, 1997;2004 & Dembo, 2015. Descriptions from Dembo, 2015",,The position of incisive foramen along tooth row. (Ordered). States: Canine (0); P3 (1); P4 (2),,
126,Anterior palate depth,Palate,CR,D,UM,BOTH,,UBERON:0012071,The depth of anterior palate.,3,Shallow (0); Deep (1),"Traits from Strait, 1997;2004 & Dembo, 2015. Descriptions from Dembo, 2015; Asfaw et al. 1999",,The depth of the anterior palate. (Unordered). States: Shallow (0); Deep (1),"This character is equivalent to S&M 43. Two morphologies are recognized: shallow, in which the palate grades posteriorly from the base of the incisors as a flat surface or in which there is a slight depression anterior to the incisive foramen (state 0), and deep (i.e., shelved), in which the palate rises sharply vertically before turning posteriorly at the incisive foramen (state 2). H. habilis is variable (state 1; shallow in KNM-ER 1813 and OH 24; deep in OH 62, Stw 53, SK847). S&M 43 considered both of these taxa to be deep. A preponderance of humans have deep palates (DeVilliers, 1968). Pg. 66","The palates of KGA 10-525 and KGA 10-506 are shallow anteriorly (Suwa et al., 1997), whereas all other P. boisei crania possess an anteriorly deep palate. Thus, this species is considered variable. Pg. 442"
127,Palatine process orientation,Palate,CR,D,UM,PHY,,UBERON:0012071,The orientation of the posterosuperior slope of the palatal plane distal to the canine.,2,Nearly horizontal (0); Steep posterior angle (1),"Traits from Strait, 1997;2004 & Dembo, 2015. Descriptions from Dembo, 2015",,The orientation of the posterosuperior slope of the palatal plane distal to the canine. (Unordered). States: Nearly horizontal (0); Steep posterior angle (1),,
128,Canine jugum development,Maxilla,CR,D,OM,PHY,,UBERON:0002397,The development of canine jugum.,2,Weak (0); Moderate (1); Marked (2),"Traits from Strait, 1997;2004 & Dembo, 2015. Descriptions from Dembo, 2015; Asfaw et al. 1999",,The development of canine jugum. (Ordered). States: Weak (0); Moderate (1); Marked (2),,
129,Canine root orientation,Maxilla,CR,D,UM,PHY,,UBERON:0002397,The orientation of the canine root relative to parasagittal plane.,3,Inclined (0); Parallel (1),"Traits from Strait, 1997;2004 & Dembo, 2015. Descriptions from Dembo, 2015",,The orientation of the canine root relative to parasagittal plane. (Unordered). States: Inclined (0); Parallel (1),,
130,Canine fossa,Maxilla,CR,D,UM,PHY,,UBERON:0002397,"The presence of a canine fossa, canine groove or canine fossula.",2,Absent (0); Present (1),"Traits from Strait, 1997;2004 & Dembo, 2015. Descriptions from Dembo, 2015; Asfaw et al. 1999",,"The presence of a canine fossa, canine groove or canine fossula. (Unordered). Absent (0); Present (1)",,
131,Maxillary trigone,Maxilla,CR,D,UM,PHY,,UBERON:0002397,"The presence of maxillary trigon, a gutter-like triangular depression in the infraorbital region.",2,Absent (0); Present (1),"Traits from Strait, 1997;2004 & Dembo, 2015. Descriptions from Dembo, 2015",,"The presence of maxillary trigon, a gutter-like triangular depression in the infraorbital region. (Unordered). States: Absent (0); Present (1)",,"Unlike other P. boisei crania, KGA 10-525 possesses a maxillary trigon (Suwa et al., 1997). Paranthropus boisei is therefore considered variable in this feature. Pg. 442"
132,Maxillary sinus size,Maxilla,CR,D,UM,PHY,,UBERON:0002397,The size of maxillary sinus.,2,Intermediate (0); Large (1),"Traits from Strait, 1997;2004 & Dembo, 2015. Descriptions from Dembo, 2015",,The size of maxillary sinus. (Unordered). States: Intermediate (0); Large (1),,
133,Maxillary sinus division,Maxilla,CR,D,UM,PHY,,UBERON:0002397,The position of the main division of the maxillary sinus floor.,2,Posterior (0); Anterior (1),"Traits from Strait, 1997;2004 & Dembo, 2015. Descriptions from Dembo, 2015",,The position of the main division of the maxillary sinus floor. (Unordered). States: Posterior (0); Anterior (1),,
134,Infraorbital plate orientation,Maxilla,CR,D,UM,PHY,,UBERON:0002397,"The orientation of the infraorbital plate, measured by the position of the inferior margin of the infraorbital region, which is demarcated by the zygomaticoalveolar crest relative to the coronal plane of the orbit.",2,Sloped (0); Vertical (1); Lateral (2),"Traits from Strait, 1997;2004 & Dembo, 2015. Descriptions from Dembo, 2015",,"The orientation of the infraorbital plate, measured by the position of the inferior margin of the infraorbital region, which is demarcated by the zygomaticoalveolar crest relative to the coronal plane of the orbit. (Unordered). States: Slope (0); Vertical (1); Lateral (2)",,
135,Sulcus infraorbitalis,Maxilla,CR,D,UM,PHY,,UBERON:0002397,The width of a infraorbital sulcus.,3,Absent (0); Narrow (1); Wide (2),"Traits from Strait, 1997;2004 & Dembo, 2015. Descriptions from Dembo, 2015",,The width of a infraorbital sulcus. (Unordered). States: Absent (0); Narrow (1); Wide (2),,
136,Anterior zygomatic root position,Maxilla,CF,D,OM,PHY,,UBERON:0002397,The position of the anterior zygomatic root along tooth row.,3,P3-P4 (0); P4-M1 (1); M1 (2); M1-M2 (3),"Traits from Strait, 1997;2004 & Dembo, 2015. Descriptions from Dembo, 2015; Asfaw et al. 1999",,The position of the anterior zygomatic root along tooth row. (Ordered). States: P3-P4 (0); P4-M1 (1); M1 (2); M1-M2 (3),,
137,Zygomaticoalveolar crest,Zygomatic,CF,D,UM,PHY,,UBERON:0001683,The curvature of the zygomaticoalveolar crest.,4,Straight (0); Curved (1),"Traits from Strait, 1997;2004 & Dembo, 2015. Descriptions from Dembo, 2015; Asfaw et al. 1999",,The curvature of the zygomaticoalveolar crest. (Unordered). States: Straight (0); Curved (1),,
138,Malar diagonal length,Zygomatic,CR,D,OM,PHY,,UBERON:0001683,The index of orbitale-zygomaxillare divided by orbital height.,2,Long (0); Intermediate (1); Short (2),"Traits from Strait, 1997;2004 & Dembo, 2015. Descriptions from Dembo, 2015",,The index of orbitale-zygomaxillare divided by orbital height. (Ordered). States: Long (0); Intermediate (1); Short (2),,
139,Malar orientation,Zygomatic,CR,D,OM,PHY,,UBERON:0001683,The orientation of the anterior malar surface relative to Frankfurt Horizontal,3,Posteriorly inclined (0); Vertical (1); Anteriorly inclined (2),"Traits from Strait, 1997;2004 & Dembo, 2015. Descriptions from Dembo, 2015",,The orientation of the anterior malar surface relative to Frankfurt Horizontal. (Ordered). States: Posteriorly inclined (0); Vertical (1); Anteriorly inclined (2),,
140,Zygomatic insertion height,Zygomatic,CF,D,UM,PHY,,UBERON:0001683,The insertion of the zygomaticoalveolar crest onto the alveolar border.,3,Low (0); High (1),"Traits from Strait, 1997;2004 & Dembo, 2015. Descriptions from Dembo, 2015",,The insertion of the zygomaticoalveolar crest onto the alveolar border. (Unordered). States: Low (0); High (1),,
141,Zygomatic bone orientation,Zygomatic,CF,D,OM,PHY,,UBERON:0001683,The orientation of the zygomatic bone relative to the frontal.,2,Frontal (0); Frontolateral (1); Lateral (2),"Traits from Strait, 1997;2004 & Dembo, 2015. Descriptions from Dembo, 2015",,The orientation of the zygomatic bone relative to the frontal. (Ordered). States: Frontal (0); Frontolateral (1); Lateral (2),,
142,Mediolateral thickness of zygomatic arch at root of frontal process,Zygomatic,CF,C,UM,PHY,,UBERON:0001683,The thickness of the zygomatic arch. (Thick>8mm; Thin<8 mm),3,Thin (0); Thick (1),"Traits from Strait, 1997;2004 & Dembo, 2015. Descriptions from Dembo, 2015",,The thickness of the zygomatic  arch. (Thick>8 mm; Thin<8 mm) (Unordered). States: Thin (0); Thick (1),,
143,Expansion of medial edge of frontal process of zygomatic bone,Zygomatic,CF,D,UM,PHY,,UBERON:0001683,The presence of a lateral flair of the frontal process of the zygomatic.,2,Vertical (0); Laterally divergent (1),"Traits from Strait, 1997;2004 & Dembo, 2015. Descriptions from Dembo, 2015",,The presence of a lateral flair of the frontal process of the zygomatic. (Unordered). States: Vertical (0); Laterally divergent (1),,
144,Angular indentation of lateral orbital margin,Zygomatic,CF,D,UM,PHY,,UBERON:0001683,The curvature of the lateral orbital margin.,2,Indented (0); Curved (1),"Traits from Strait, 1997;2004 & Dembo, 2015. Descriptions from Dembo, 2015",,The curvature of the lateral orbital margin. (Unordered). States: Indented (0); Curved (1),,
145,Masseter origin height,Zygomatic,CF,D,UM,PHY,,UBERON:0001683,The index of zygomaticoalveolar height relative to orbitoalveolar height.,2,Low (0); High (1),"Traits from Strait, 1997;2004 & Dembo, 2015. Descriptions from Dembo, 2015",,The index of zygomaticoalveolar height relative to orbitoalveolar height. (Unordered). States: Low (0); High (1),,
146,Zygomatic temporal surface,Zygomatic,CF,D,UM,PHY,,UBERON:0001683,"The thickness of the body of the zygomatic bone. ""Deeply excavated"" surface is thinner in the centre of the body.",2,Flat (0); Deeply excavated (1),"Traits from Strait, 1997;2004 & Dembo, 2015. Descriptions from Dembo, 2015",,"The thickness of the body of the zygomatic bone. ""Deeply excavated"" surface is thinner in the center of the body. (Unordered). States: Flat (0); Deeply excavated (1)",,
147,Zygomatic prominence development,Zygomatic,CF,D,UM,PHY,,UBERON:0001683,The development of the zygomatic prominence.,2,Prominent (0); Slight (1),"Traits from Strait, 1997;2004 & Dembo, 2015. Descriptions from Dembo, 2015",,The development of the zygomatic prominence. (Unordered). States: Prominent (0); Slight (1),,
148,Zygomaticomaxillary steps to fossae present,Zygomatic,CF,D,UM,PHY,,UBERON:0001683,The presence of zygomaticomaxillary steps to fossae.,2,Absent (0); Present (1),"Traits from Strait, 1997;2004 & Dembo, 2015. Descriptions from Dembo, 2015",,The presence of zygomaticomaxillary steps to fossae. (Unordered). States: Absent (0); Present (1),,
149,Zygomatic arch relative to inferior orbital margin,Zygomatic,CF,D,UM,PHY,,UBERON:0001683,The position of the zygomatic arch relative to the inferior orbital margin.,2,Above (0); Level (1),"Traits from Strait, 1997;2004 & Dembo, 2015. Descriptions from Dembo, 2015",,The position of the zygomatic arch relative to the inferior orbital margin. (Unordered). States: Above (0); Level (1),,
150,Position of zygomatic angle,Zygomatic,CF,D,OM,PHY,,UBERON:0001683,The position of the angle formed between the frontal and temporal processes of the zygomatic relative to the inferior orbital margin.,2,Below orbit (0); At orbit (1); Above orbit (2),"Traits from Strait, 1997;2004 & Dembo, 2015. Descriptions from Dembo, 2015",,The position of the angle formed between the frontal and temporal processes of the zygomatic relative to the inferior orbital margin. (Ordered). States: Below orbit (0); At orbit (1); Above orbit (2),,
151,Lateral flaring of zygomatic arch development,Zygomatic,CF,D,UM,PHY,,UBERON:0001683,The development of the lateral flaring of zygomatic arches.,3,Marked (0); Slight (1),"Traits from Strait, 1997;2004 & Dembo, 2015. Descriptions from Dembo, 2015",,The development of the lateral flaring of zygomatic arches. (Unordered). States: Marked (0); Slight (1),,
152,Zygomatic arch alignment,Zygomatic,CF,D,UM,PHY,,UBERON:0001683,The outline of the zygomatic arch from the superior view. This character refers to the orientation of the zygomatic arch at midpoint; whether it is parallel to the sagittal plane or not.,2,Sagittal (0); Deviant (1),"Traits from Strait, 1997;2004 & Dembo, 2015. Descriptions from Dembo, 2015",,The outline of the zygomatic arch from the superior view. This character refers to the orientation of the zygomatic arch at midpoint; whether it is parallel to the sagittal plane or not. (Unordered). States: Sagittal (0); Deviant (1),,
153,Zygomatic process root,Zygomatic,CF,D,UM,PHY,,UBERON:0001683,The number of planes at the root of the zygomatic process. The surface of the zygomatic process root lateral to the articular tubercle is divided into two surfaces by a very strong ridge that extends from the lateral edge of the articular tubercle.,2,Undivided (0); Divided (1),"Traits from Strait, 1997;2004 & Dembo, 2015. Descriptions from Dembo, 2015",,The number of planes at the root of the zygomatic process root lateral to the articular tubercle is divided into two surfaces by a very strong ridge that extends from the lateral edge of the articular tubercle. (Unordered). States: Undivided (0); Divided (1),,
154,Temporal fossae size,Temporal,CR,D,OM,PHY,,UBERON:0001678,The index of temporal fossa size divided by orbital area.,2,Large (0); Intermediate (1); Small (2),"Traits from Strait, 1997;2004 & Dembo, 2015. Descriptions from Dembo, 2015",,The index of temporal fossa size divided by orbital area. (Ordered). States: Large (0); Intermediate (1); Small (2),,
155,Articular eminence position relative to occlusal plane,Temporal,CR,D,UM,PHY,,UBERON:0001678,"The perpendicular distance between the articular eminence and the occlusal plane, divided by the geometric mean (bi-entoglenoid breadth, bi-carotid breadth, FM length, basioccipital length).",3,High above plane (0); Near plane (1),"Traits from Strait, 1997;2004 & Dembo, 2015. Descriptions from Dembo, 2015",,"The perpendicular distance between the articular eminence and the occlusal plane, divided by the geometric mean (bi-entoglenoid breadth, bi-carotid breadth, FM length, basioccipital length). (Unordered). States: High above plane (0); Near plane (1)",,
156,Articular eminence summit,Temporal,CR,D,UM,PHY,,UBERON:0001678,The position of the maximum convexity of articular eminence relative to the plane of the posterior edge of temporal foramen.,2,Posterior (0); Anterior (1),"Traits from Strait, 1997;2004 & Dembo, 2015. Descriptions from Dembo, 2015",,The position of the maximum convexity of articular eminence relative to the plane of the posterior edge of temporal foramen. (Unordered). States: Posterior (0); Anterior (1),,
157,Articular eminence form,Temporal,CR,D,UM,PHY,,UBERON:0001678,The angulation of the long axis of the articular eminence in basal view.,2,Single plane (0); Mediolateral twisted (1),"Traits from Strait, 1997;2004 & Dembo, 2015. Descriptions from Dembo, 2015",,The angulation of the long axis of the articular eminence in basal view. (Unordered). States: Single plane (0); Mediolateral twisted (1),,
158,Posterior slope of articular tubercle,Temporal,CR,D,OM,PHY,,UBERON:0001678,The degree and the length of posterior portion of the articular tubercle on the zygomatic.,2,Short (0); More pronounced (1); Steep (2),"Traits from Strait, 1997;2004 & Dembo, 2015. Descriptions from Dembo, 2015",,The degree and the length of posterior portion of the articular tubercle on the zygomatic. (Ordered). States: Short (0); More pronounced (1); Steep (2),,
159,Articular tubercle development,Temporal,CR,D,UM,PHY,,UBERON:0001678,The development of the articular tubercle on the zygomatic.,3,Not developed (0); Developed (1),"Traits from Strait, 1997;2004 & Dembo, 2015. Descriptions from Dembo, 2015",,The development of the articular tubercle on the zygomatic. (Unordered). States: Not developed (0); Developed (1),,
160,Articular tubercle projection,Temporal,CR,D,UM,PHY,,UBERON:0001678,The projection of the articular tubercle.,2,Not or slightly projecting (0); Projecting (1),"Traits from Strait, 1997;2004 & Dembo, 2015. Descriptions from Dembo, 2015",,The projection of the articular tubercle. (Unordered). States: Not or slightly projecting (0); Projecting (1),,
161,Articular tubercle and sub-temporal plane continuity,Temporal,CR,D,UM,PHY,,UBERON:0001678,The continuity of the articular tubercle with the subtemporal plane.,2,Continuous (0); Not continuous (1),"Traits from Strait, 1997;2004 & Dembo, 2015. Descriptions from Dembo, 2015",,The continuity of the articular tubercle with the subtemporal plane. (Unordered). States: Continuous (0); Not continuous (1),,
162,Articular tubercle anteroposterior curvature,Temporal,CR,D,UM,PHY,,UBERON:0001678,The anteroposterior curvature of the articular tubercle in norma lateralis.,2,Flat (0); Large rounded profile (1); Small rounded profile (2),"Traits from Strait, 1997;2004 & Dembo, 2015. Descriptions from Dembo, 2015",,The anteroposterior curvature of the articular tubercle in norma lateralis. (Unordered). States: Flat (0); Large rounded profile (1); Small rounded profile (2),,
163,Transverse concavity of articular tubercle,Temporal,CR,D,UM,PHY,,UBERON:0001678,The concavity of the articular tubercle in norma frontalis.,3,Flat (0); Large rounded profile (1); Small rounded profile (2),"Traits from Strait, 1997;2004 & Dembo, 2015. Descriptions from Dembo, 2015",,The concavity of the articular tubercle in norma frontalis. (Unordered). States: Flat (0); Large rounded profile (1); Small rounded profile (2),,
164,Integration of entoglenoid formation with articular tubercle,Temporal,CR,D,UM,PHY,,UBERON:0001678,The integration of the entoglenoid process or spine with articular tubercle.,3,Not integrated (0); Integrated (1),"Traits from Strait, 1997;2004 & Dembo, 2015. Descriptions from Dembo, 2015",,The integration of the entoglenoid process or spine with the articular tubercle. (Unordered). States: Not integrated (0); Integrated (1),,
165,Ectoglenoid crest,Temporal,CR,D,UM,PHY,,UBERON:0001678,The presence of ectoglenoid crest.,2,Absent (0); Present (1),"Traits from Strait, 1997;2004 & Dembo, 2015. Descriptions from Dembo, 2015",,The presence of ectoglenoid crest. (Unordered). States: Absent (0); Present (1),,
166,Width between the tympanic plate and entoglenoid process,Temporal,CR,D,OM,PHY,,UBERON:0001678,The width between tympanic plate and entoglenoid process.,2,Absent (0); Narrow (1); Wide (2),"Traits from Strait, 1997;2004 & Dembo, 2015. Descriptions from Dembo, 2015",,The width between tympanic plate and entoglenoid process. (Ordered). States: Absent (0); Narrow (1); Wide (2),,
167,Entoglenoid process position relative to anterior zygomatic tubercle or ectoglenoid process,Temporal,CF,D,OM,PHY,,UBERON:0001678,The position of the entoglenoid process or spine in sagittal plane relative to the ectoglenoid process.,3,Same level (0); Posterior (1); Farther back (2),"Traits from Strait, 1997;2004 & Dembo, 2015. Descriptions from Dembo, 2015",,The position of the entoglenoid process or spine in sagittal plane relative to the ectoglenoid process. (Ordered). States: Same level (0); Posterior (1); Farther back (2),,
168,Entoglenoid process projection,Temporal,CR,D,UM,PHY,,UBERON:0001678,The projection of the entoglenoid process or spine.,3,Projecting (0); Not projecting (1),"Traits from Strait, 1997;2004 & Dembo, 2015. Descriptions from Dembo, 2015",,The projection of the entoglenoid process or spine. (Unordered). States: Projecting (0); Not projecting (1),,
169,Subarcuate fossa depth,Temporal,CR,D,OM,PHY,,UBERON:0001678,"The depth of subarcuate fossa, which is a small triangular fossa or shallow area inferior to the arcuate eminence on temporal bone.",2,Deep (0); Moderately deep to shallow (1); Very shallow to absent (2),"Traits from Strait, 1997;2004 & Dembo, 2015. Descriptions from Dembo, 2015",,"The depth of subarcuate fossa, which is a small triangular fossa or shallow area inferior to the arcuate eminence on temporal bone. (Ordered). States: Deep (0); Moderately deep to shallow (1); Very shallow to absent (2)",,
170,Preglenoid plane extent,Temporal,CR,D,UM,PHY,,UBERON:0001678,The extent of the preglenoid planum.,3,Not stretched (0); Stretched (1),"Traits from Strait, 1997;2004 & Dembo, 2015. Descriptions from Dembo, 2015",,The extent of the preglenoid planum. (Unordered). States: Not stretched (0); Stretched (1),,
171,Sphenoid contribution to mandibular fossa,Temporal,CR,D,UM,PHY,,UBERON:0001678,The contribution of sphenoid to mandibular fossa.,2,Absent (0); Present (1),"Traits from Strait, 1997;2004 & Dembo, 2015. Descriptions from Dembo, 2015",,The contribution of sphenoid to mandibular fossa. (Unordered). States: Absent (0); Present (1),,
172,Contribution of tympanic plate to mandibular fossa,Temporal,CR,D,UM,PHY,,UBERON:0001678,The contribution of the tympanic plate to the mandibular fossa.,2,None (0); Exclusive (1),"Traits from Strait, 1997;2004 & Dembo, 2015. Descriptions from Dembo, 2015",,The contribution of the tympanic plate to the mandibular fossa. (Unordered). States: None (0); Exclusive (1),,
173,Orientation of anterior wall of TMJ,Temporal,CR,D,OM,PHY,,UBERON:0001678,The orientation of the anterior wall of mandibular fossa.,2,Horizontal (0); Oblique (1); Vertical (2),"Traits from Strait, 1997;2004 & Dembo, 2015. Descriptions from Dembo, 2015",,The orientation of the anterior wall of mandibular fossa. (Ordered). States: Horizontal (0); Oblique (1); Vertical (2),,
174,Tubercle on anterior wall of TMJ,Temporal,CR,D,UM,PHY,,UBERON:0001678,The presence of a tubercle on the anterior wall of the mandibular fossa.,3,Absent (0); Present (1),"Traits from Strait, 1997;2004 & Dembo, 2015. Descriptions from Dembo, 2015",,The presence of a tubercle on the anterior wall of the mandibular fossa. (Unordered). States: Absent (0); Present (1),,
175,Medial recess of mandibular fossa,Temporal,CR,D,UM,PHY,,UBERON:0001678,The presence of a recess in the medial wall of the mandibular fossa.,2,Absent (0); Present (1),"Traits from Strait, 1997;2004 & Dembo, 2015. Descriptions from Dembo, 2015",,The presence of a recess in the medial wall of the mandibular fossa. (Unordered). States: Absent (0); Present (1),,
176,Mandibular fossa length,Temporal,CR,D,UM,PHY,,UBERON:0001678,The anteroposterior length of mandibular fossa.,2,Narrow (0); Wide (1),"Traits from Strait, 1997;2004 & Dembo, 2015. Descriptions from Dembo, 2015",,The anteroposterior length of mandibular fossa. (Unordered). States: Narrow (0); Wide (1),,
177,Mandibular fossa depth,Temporal,CR,D,UM,PHY,,UBERON:0001678,"The index of mandibular fossa depth perpendicular to Frankfurt Horizontal (depth from the base of the articular eminence to the apex of the fossa, divided by the breadth of the eminence from the articlar tubercle to the entoglenoid",2,Shallow (0); Deep (1),"Traits from Strait, 1997;2004 & Dembo, 2015. Descriptions from Dembo, 2015",,"The index of mandibular fossa depth perpendicular to Frankfurt Horizontal (depth from the base of the articular eminence to the apex of the fossa, divided by the breadth of the eminence from the articular tubercle to the entoglenoid process). (Unordered). States: Shallow (0); Deep (1)",,
178,Mandibular fossa overhang,Temporal,CR,D,UM,PHY,,UBERON:0001678,The proportion of the mandibular fossa that overhangs the external cranial vault.,2,<50% (0); ≥50% (1),"Traits from Strait, 1997;2004 & Dembo, 2015. Descriptions from Dembo, 2015",,The proportion of the mandibular fossa that overhangs the external cranial vault. (Unordered). States: <50% (0); >=50% (1),,
179,Convexity of posterior wall of mandibular fossa,Temporal,CR,D,UM,PHY,,UBERON:0001678,The curvature on the posterior wall of the mandibular fossa.,2,Flat or concave (0); Convex (1),"Traits from Strait, 1997;2004 & Dembo, 2015. Descriptions from Dembo, 2015",,The curvature on the posterior wall of the mandibular fossa. (Unordered). States: Flat or concave (0); Convex (1),,
180,Postglenoid process shape in norma frontalis,Temporal,CR,D,UM,PHY,,UBERON:0001678,The shape of the postglenoid process in norma frontalis.,2,Rectangular (0); Round (1); Flat (2),"Traits from Strait, 1997;2004 & Dembo, 2015. Descriptions from Dembo, 2015",,The shape of the postglenoid process in norma frontalis. (Unordered). States: Rectangular (0); Round (1); Flat (2),,
181,Postglenoid and tympanic fusion,Temporal,CR,D,UM,PHY,,UBERON:0001678,The fusion of the tympanic element and the postgelnoid process in coronal plane.,3,Fused (0); Unfused (1),"Traits from Strait, 1997;2004 & Dembo, 2015. Descriptions from Dembo, 2015",,The fusion of the tympanic element and the postglenoid process in the coronal plane. (Unordered). States: Fused (0); Unfused (1),,
182,Postglenoid process size,Temporal,CR,D,OM,PHY,,UBERON:0001678,The size of postglenoid process.,2,Large (0); Medium (1); Small (2),"Traits from Strait, 1997;2004 & Dembo, 2015. Descriptions from Dembo, 2015",,The size of postglenoid process. (Ordered). States: Large (0); Medium (1); Small (2),,
183,Postglenoid process extent relative to the tympanic,Temporal,CR,D,UM,PHY,,UBERON:0001678,The extent of the postglenoid process relative to the tympanic.,3,No overlap (0); Overlaps (1); Rudimentary or no postglenoid process,"Traits from Strait, 1997;2004 & Dembo, 2015. Descriptions from Dembo, 2015",,The extent of the postglenoid process relative to the tympanic. (Unordered). States: No overlap (0); Overlaps (1); Rudimentary or no postglenoid process (2),,
184,Vaginal process size,Temporal,CR,D,UM,PHY,,UBERON:0001678,The size of the vaginal process of tympanic.,3,Small or absent (0); Moderate to large (1),"Traits from Strait, 1997;2004 & Dembo, 2015. Descriptions from Dembo, 2015",,The size of the vaginal process of tympanic. (Unordered). States: Small or absent (0); Moderate to large (1),"Two morphologies are recognized: absent to small (state 0), and moderate to large (state 2). Although the process is said to be absent in apes (Kimbel & Rak, 1993; Clarke, 1977), small processes have been observed in some P. troglodytes and G. gorilla specimens (Strait, pers. obs.). H. habilis is variable (state 1) because the process is moderate in Sts 19, and small in Stw 53, KNM-ER 1813, KNM-ER 1805, and SK 847. KNM-BC 1 has a large process. Pg. 72",
185,Styloid process fusion,Temporal,CR,D,UM,PHY,,UBERON:0001678,The presence of styloid process.,2,Unfused (0); Fused (1),"Traits from Strait, 1997;2004 & Dembo, 2015. Descriptions from Dembo, 2015",,The presence of styloid process. (Unordered). States: Unfused (0); Fused (0),,
186,Crista petrosa development,Temporal,CR,D,UM,PHY,,UBERON:0001678,"The development of crista petrosa, a sharp lower margin of the tympanic plate that bounds a single anteriorly directed face.",2,Absent or weak (0); Moderate to strong (1),"Traits from Strait, 1997;2004 & Dembo, 2015. Descriptions from Dembo, 2015",,"The development of crista petrosa, a sharp lower margin of the tympanic plate that bounds a single anteriorly directed face. (Unordered). States: Absent or weak (0); Moderate to strong (1)",,
187,Tympanic shape,Temporal,CR,D,UM,PHY,,UBERON:0001678,The shape of the tympanic canal and the orientation of the anterior tympanic plate.,2,Tubular (0); Platelike (1),"Traits from Strait, 1997;2004 & Dembo, 2015. Descriptions from Dembo, 2015",,The shape of the tympanic canal and the orientation of the anterior tympanic plate. (Unordered). States: Tubular (0); Platelike (1),,
188,Tympanic trough,Temporal,CR,D,UM,PHY,,UBERON:0001678,The presence of a tympanic trough.,2,Absent (0); Present (1),"Traits from Strait, 1997;2004 & Dembo, 2015. Descriptions from Dembo, 2015",,The presence of a tympanic trough. (Unordered). States: Absent (0); Present (1),,
189,Tympanic plate thickness,Temporal,CR,C,UM,PHY,,UBERON:0001678,The thickness of the tympanic plate around the external auditory meatus. (Thick>2mm; Thin<2mm).,2,Thin (0); Thick (1),"Traits from Strait, 1997;2004 & Dembo, 2015. Descriptions from Dembo, 2015",,The thickness of the tympanic plate around the external auditory meatus. (Thick>2mm; Thin<2mm). (Unordered). States: Thin (0); Thick (1),,
190,Lateral tympanic extension,Temporal,CR,D,UM,PHY,,UBERON:0001678,The degree of tympanic extension laterally relative to the location of the porion saddle.,2,Medial to saddle (0); Lateral to saddle (1),"Traits from Strait, 1997;2004 & Dembo, 2015. Descriptions from Dembo, 2015",,The degree of tympanic extension laterally relative to the location of the porion saddle. (Unordered). States: Medial to saddle (0); Lateral to saddle (1),,
191,Tegmen tympani,Temporal,CR,D,UM,PHY,,UBERON:0001678,The presence of tegmen tympani on the roof of the tympanic cavity.,2,Absent (0); Present (1),"Traits from Strait, 1997;2004 & Dembo, 2015. Descriptions from Dembo, 2015",,The presence of tegman tympani on the roof of the tympanic cavity. (Unordered). States: Absent (0); Present (1),,
192,Middle ear depth,Temporal,CR,C,UM,PHY,,UBERON:0001678,The depth of middle ear. (Deep>8.5mm; Shallow<8.5mm).,2,Shallow (0); Deep (1),"Traits from Strait, 1997;2004 & Dembo, 2015. Descriptions from Dembo, 2015",,The depth of middle ear. (Deep>8.5mm; Shallow<8.5mm). (Unordered). States: Shallow (0); Deep (1),,
193,Mediolateral position of external auditory meatus,Temporal,CR,D,UM,PHY,,UBERON:0001678,The mediolateral position of the inferolateral tip of the tympanic relative to porion.,2,Medial (0); Lateral (1),"Traits from Strait, 1997;2004 & Dembo, 2015. Descriptions from Dembo, 2015",,The mediolateral position of the inferolateral tip of the tympanic relative to porion. (Unordered). States: Medial (0); Lateral (1),"This character describes the M-L position of the inferolateral tip of the tympanic relative to porion. There are two morphologies: the edge of the tympanic is medial to porion, which results in a suprameatal roof (state 0), and the edge of the tympanic approximates porion without a suprameatal roof (state 2). The meatus is laterally positioned in A. boisei, A. robustus and Gorilla (Grine & Strait, 1993; Clarke, 1977). H. habilis is variable (state 1) because the meatus is lateral in KNM-ER 1805, medial in Sts 19 and (presumably) SK 847, and nearly lateral in Stw 53. H. rudolfensis is inferred to have had a medial meatus based on the presence of small fragments of the tympanic of KNM-ER 1470. KNM-BC 1, a putative early Homo specimen, has a laterally placed meatus (Grine & Strait, 1993). Pg. 72",
194,Tubercle behind external auditory meatus,Temporal,CR,D,UM,PHY,,UBERON:0001678,The presence of a tubercle below the external auditory meatus where the mastoid crest branches downwards.,2,Absent (0); Present (1),"Traits from Strait, 1997;2004 & Dembo, 2015. Descriptions from Dembo, 2015",,The presence of a tubercle blow the external auditory meatus where the mastoid crest branches downwards. (Unordered). States: Absent (0); Present (1),,
195,Orientation of the long axis of external auditory meatus,Temporal,CR,D,UM,PHY,,UBERON:0001678,The orientation of the axis of the external auditory meatus.,2,Oblique (0); Vertical (1),"Traits from Strait, 1997;2004 & Dembo, 2015. Descriptions from Dembo, 2015",,The orientation of the axis of the external auditory meatus. (Unordered). States: Oblique (0); Vertical (1),,
196,Suprameatal spine,Temporal,CR,D,UM,PHY,,UBERON:0001678,The presence of a suprameatal spine/crest.,2,Absent (0); Present (1),"Traits from Strait, 1997;2004 & Dembo, 2015. Descriptions from Dembo, 2015",,The presence of a suprameatal spine/crest. (Unordered). States: Absent (0); Present (1),,
197,Eustachian process of tympanic,Temporal,CR,D,UM,PHY,,UBERON:0001678,The development of the eustacian process of tympanic.,2,Present and prominent (0); Absent or slight (1),"Traits from Strait, 1997;2004 & Dembo, 2015. Descriptions from Dembo, 2015",,The development of the eustacian process of tympanic. (Unordered). States: Present and prominent (0); Absent or slight (1),"Broom & Robinson (1950) and Clarke (1977) noted that a strong process is present in A. africanus. Aiello & Dean (1990) add that is is also present in A. robustus and apes. Kimbel & Rak (1993) state that it is absent in apes. Our observations are consistent with those of Aiello & Dean (1990). Two states are recognized: (0) prominent, and (1) absent or only slightly developed. Pg. 72",
198,Mastoid fissure,Temporal,CR,D,UM,PHY,,UBERON:0001678,"The presence of a mastoid fissure, which occurs when the tympanic is not fused to the anterior face of the mastoid process.",2,Absent (0); Present (1),"Traits from Strait, 1997;2004 & Dembo, 2015. Descriptions from Dembo, 2015",,"The presence of a mastoid fissure, which occurs when the tympanic is not fused to the anterior face of the mastoid process. (Unordered). States: Absent (0); Present (1)",,
199,Squamotympanic fissure,Temporal,CR,D,UM,PHY,,UBERON:0001678,The presence of squamotympanic fissure.,2,Absent (0); Present (1),"Traits from Strait, 1997;2004 & Dembo, 2015. Descriptions from Dembo, 2015",,The presence of squamotympanic fissure. (Unordered). States: Absent (0); Present (1),,
200,Squamotympanic fissure depth,Temporal,CR,D,UM,PHY,,UBERON:0001678,The depth of squamotympanic fissure.,2,Shallow (0); Deep (1),"Traits from Strait, 1997;2004 & Dembo, 2015. Descriptions from Dembo, 2015",,The depth of squamotympanic fissure. (Unordered). States: Shallow (0); Deep (1),,
201,Maximum lateral projection of mastoid,Temporal,CR,D,UM,PHY,,UBERON:0001678,The position of the lateral-most point of the mastoid process on the temporal viewed posteriorly.,2,High (0); Low (1),"Traits from Strait, 1997;2004 & Dembo, 2015. Descriptions from Dembo, 2015",,The position of the lateral-most point of the mastoid process on the temporal viewed posteriorly. (Unordered). States: High (0); Low (1),,
202,Mastoid process lateral inflation,Temporal,CR,D,UM,PHY,,UBERON:0001678,"The inflation of mastoid process.(""Not inflated"" means that it extends up to but not beyond the supramastoid crest; ""Inflated"" when the mastoid is inflated lateral to the supramastoid crest).",2,Not inflated (0); Inflated (1),"Traits from Strait, 1997;2004 & Dembo, 2015. Descriptions from Dembo, 2015",,"The inflation of mastoid process. (""Not inflated"" means that it extends up to but not beyond the supramastoid crest; ""Inflated"" when the mastoid is inflated lateral to the supramastoid crest). (Unordered). States: Not inflated (0); Inflated (1)","Olson (1981) stated that this character discriminates between Paranthropus (including A. afarensis) and Homo (including A. africanus). Two morphologies are recognized here: the mastoid is not inflated (i.e., it extends up to but not beyond the supramastoid crest; state 0), and the mastoid is inflated lateral to the supramastoid crest (state 2). H. habilis is variable (state 1), since the mastoids in KNM-ER 1805 are lateral to the crests, and those in Stw 53 and KNM-ER 1813 are level with the crests. Skelton & McHenry (1992) stated that mastoids in Homo are uninflated (S&M 77). Furthermore, A. africanus is here considered uninflated whereas they referred to this species as being variable. The mastoid of Sts 5 is medial to its crest, while those of Sts 71 and MLD 37/38 are level with their crests. Contra Olson (1981), A. afarensis is considered to lack an inflated mastoid. Pg. 70",
203,Mastoid process size,Temporal,CR,D,UM,PHY,,UBERON:0001678,The size of mastoid process.,2,Small (0); Large (1),"Traits from Strait, 1997;2004 & Dembo, 2015. Descriptions from Dembo, 2015",,The size of mastoid process. (Unordered). States: Small (0); Large (1),,
204,Mastoid process orientation,Temporal,CR,D,UM,PHY,,UBERON:0001678,The orientation of the mastoid process in coronal plane.,2,Not medial (0); Medial (1),"Traits from Strait, 1997;2004 & Dembo, 2015. Descriptions from Dembo, 2015",,The orientation of the mastoid process in the coronal plane. (Unordered). States: Not medial (0); Medial (1),,
205,Mastoid tip position,Temporal,CR,D,UM,PHY,,UBERON:0001678,"The position of the tip of the mastoid process relative to porion measured as the mastoid tip position index, which is a percentage of the horizontal distance between the tip of mastoid to porion and asterion and porion. The cut-off for a ""posterior"" position seems to be aorund 40% index.",2,Anterior (0); Posterior (1),"Traits from Strait, 1997;2004 & Dembo, 2015. Descriptions from Dembo, 2015",,"The position of the tip of the mastoid process relative to porion measured as the mastoid tip position index, which is a percentage of the horizontal distance between the tip of mastoid to porion and asterion and porion. The cut-off for a ""posterior"" position seems to be around 40% index. (Unordered). States: Anterior (0); Posterior (1)",,
206,Mastoid face,Temporal,CR,D,UM,PHY,,UBERON:0001678,"The contact between mastoid process and the peripheral bony structures. A deep and posteriorly extended digastric groove ""cleaves"" the posterior face fo the mastoid process, confining it to the lateral part of the temporal bone's basal aspect. With a very weak posterior indentation by the digastric fossa, the mastoid process is firmly connected to the pars mastoidea with a continuous posterolateral face. A posterior extension of the digastric fossal all the way to the rear margin of the temporal bone completely isolates the mastoid process.",2,Single posterolateral (0); D posterior and lateral (1); Single lateral (2),"Traits from Strait, 1997;2004 & Dembo, 2015. Descriptions from Dembo, 2015",,"The contact between mastoid process and the peripheral bony structures. A deep and posteriorly extended digastric groove ""cleaves"" the posterior face for the mastoid process, confining it to the lateral part of the temporal bone's basal aspect. With a very weak posterior indentation by the digastric fossa, the mastoid process is firmly connected to the pars mastoidea with a continuous posterolateral face. A posterior extension of the digastric fossa all the way to the rear margin of the temporal bone completely isolates the mastoid process. (Unordered). States: Single posterolateral (0); Discrete posterior and lateral (1); Single lateral (2)",,
207,Supramastoid crest development,Temporal,CR,D,UM,PHY,,UBERON:0001678,The development of supramastoid crest at porion.,3,Weak (0); Marked (1),"Traits from Strait, 1997;2004 & Dembo, 2015. Descriptions from Dembo, 2015",,The development of supramastoid crest at porion. (Unordered). States: Weak (0); Marked (1),,
208,Supramastoid crest and zygomatic process contact,Temporal,CF,D,UM,PHY,,UBERON:0001678,The continuity of supramastoid crest with the zygomatic process.,2,Not continuous (0); Continuous (1),"Traits from Strait, 1997;2004 & Dembo, 2015. Descriptions from Dembo, 2015",,The continuity of supramastoid crest with the zygomatic process. (Unordered). States: Not continuous (0); Continuous (1),,
209,Supramastoid crest and lower temporal line continuity,Temporal,CR,D,UM,PHY,,UBERON:0001678,The continuity of supramastoid crest with the lower temporal line.,2,Not continuous (0); Continuous (1),"Traits from Strait, 1997;2004 & Dembo, 2015. Descriptions from Dembo, 2015",,The continuity of supramastoid crest with the lower temporal line. (Unordered). States: Not continuous (0); Continuous (1),,
210,Supramastoid sulcus closes anteriorly,Temporal,CR,D,UM,PHY,,UBERON:0001678,The continuity of supramastoid crest and mastoid crest.,2,Absent (0); Present (1),"Traits from Strait, 1997;2004 & Dembo, 2015. Descriptions from Dembo, 2015",,The continuity of supramastoid crest and mastoid crest. (Unordered). States: Absent (0); Present (1),,
211,Supramastoid sulcus width,Temporal,CR,C,OM,PHY,,UBERON:0001678,The width between mastoid crest and supramastoid crest.,2,Absent (0); Narrow (1); Wide (2),"Traits from Strait, 1997;2004 & Dembo, 2015. Descriptions from Dembo, 2015",,The width between mastoid crest and supramastoid crest. (Ordered). States: Absent (0); Narrow (1); Wide (2),,
212,Tubercle above the supramastoid process,Temporal,CR,D,UM,PHY,,UBERON:0001678,The presence of a tubercle anterior to supramastoid crest.,3,Absent (0); Present (1),"Traits from Strait, 1997;2004 & Dembo, 2015. Descriptions from Dembo, 2015",,The presence of a tubercle anterior to supramastoid crest. (Unordered). States: Absent (0); Present (1),,
213,Tubercle on supramastoid crest,Temporal,CR,D,UM,PHY,,UBERON:0001678,The presence of a tubercle on the posterior portion of the supramastoid crest.,2,Absent (0); Present (1),"Traits from Strait, 1997;2004 & Dembo, 2015. Descriptions from Dembo, 2015",,The presence of a tubercle on the posterior portion of the supramastoid crest. (Unordered). States: Absent (0); Present (1),,
214,Mastoid crest projection,Temporal,CR,D,UM,PHY,,UBERON:0001678,The projection of mastoid crest.,2,Weak (0); Strong (1),"Traits from Strait, 1997;2004 & Dembo, 2015. Descriptions from Dembo, 2015",,The projection of mastoid crest. (Unordered). States: Weak (0); Strong (1),,
215,Mastoid crest and upper temporal line contact,Temporal,CR,D,UM,PHY,,UBERON:0001678,The continuity of mastoid crest with upper temporal line.,2,Not continuous (0); Continuous (1),"Traits from Strait, 1997;2004 & Dembo, 2015. Descriptions from Dembo, 2015",,The continuity of mastoid crest with upper temporal line. (Unordered). States: Not continuous (0); Continuous (1),,
216,Mastoid crest and supramastoid crest orientation,Temporal,CR,D,UM,PHY,,UBERON:0001678,The orientation of the anterior portion of the mastoid and supramastoid crests.,2,Divergent anteriorly (0); Parallel (1),"Traits from Strait, 1997;2004 & Dembo, 2015. Descriptions from Dembo, 2015",,The orientation of the anterior portion of the mastoid and supramastoid crests. (Unordered). States: Divergent anteriorly (0); Parallel (1),,
217,Juxtamastoid eminence,Temporal,CR,D,UM,PHY,,UBERON:0001678,The presence of a juxtamastoid crest.,2,Absent (0); Present (1),"Traits from Strait, 1997;2004 & Dembo, 2015. Descriptions from Dembo, 2015",,The presence of a juxtamastoid crest. (Unordered). States: Absent (0); Present (1),,
218,Digastric fossa depth,Temporal,CR,D,UM,PHY,,UBERON:0001678,The depth of digastric fossa.,2,Shallow (0); Deep (1),"Traits from Strait, 1997;2004 & Dembo, 2015. Descriptions from Dembo, 2015",,The depth of digastric fossa. (Unordered). States: Shallow (0); Deep (1),,
219,Digastric fossa length,Temporal,CR,D,UM,PHY,,UBERON:0001678,The length of digastric fossa.,2,Short (0); Long (1),"Traits from Strait, 1997;2004 & Dembo, 2015. Descriptions from Dembo, 2015",,The length of digastric fossa. (Unordered). States: Short (0); Long (1),,
220,Digastric fossa width,Temporal,CR,D,UM,PHY,,UBERON:0001678,The width of digastric fossa.,2,Narrow (0); Wide (1),"Traits from Strait, 1997;2004 & Dembo, 2015. Descriptions from Dembo, 2015",,The width of digastric fossa. (Unordered). States: Narrow (0); Wide (1),,
221,Digastric fossa cross-section shape,Temporal,CR,D,UM,PHY,,UBERON:0001678,The transverse cross-sectional shape of digastric fossa.,2,Round (0); U-shaped (1); V-shaped (2),"Traits from Strait, 1997;2004 & Dembo, 2015. Descriptions from Dembo, 2015",,The transverse cross-sectional shape of digastric fossa. (Unordered). States: Round (0); U-shaped (1); V-shaped (2),,
222,Digastric groove morphology,Temporal,CR,D,UM,PHY,,UBERON:0001678,The morphology of digastric groove located medially and posterior to the mastoid process.,3,Bridged (0); Not bridged (1),"Traits from Strait, 1997;2004 & Dembo, 2015. Descriptions from Dembo, 2015",,The morphology of digastric groove located medially and posterior to the mastoid process. (Unordered). States: Bridged (0); Not bridged (1),,
223,Angular torus,Temporal,CR,D,UM,PHY,,UBERON:0001678,The presence of an angular torus.,2,Absent (0); Present (1),"Traits from Strait, 1997;2004 & Dembo, 2015. Descriptions from Dembo, 2015",,The presence of an angular torus. (Unordered). States: Absent (0); Present (1),,
224,Temporal squama height,Temporal,CR,D,UM,PHY,,UBERON:0001678,The height of the temporal squama on the vault.,2,High (0); Low (1),"Traits from Strait, 1997;2004 & Dembo, 2015. Descriptions from Dembo, 2015",,The height of the temporal squama on the vault. (Unordered). States: High (0); Low (1),,
225,Temporal squama shape,Temporal,CR,D,UM,PHY,,UBERON:0001678,The shape of the temporal squama on the vault.,2,Polygonal (0); Triangular (1),"Traits from Strait, 1997;2004 & Dembo, 2015. Descriptions from Dembo, 2015",,The shape of the temporal squama on the vault. (Unordered). States: Polygonal (0); Triangular (1),,
226,Anterior contour of temporal squama,Temporal,CR,D,UM,PHY,,UBERON:0001678,The curvature of the anterior edge of the temporal squama.,2,Rounded (0); Rectilinear (1),"Traits from Strait, 1997;2004 & Dembo, 2015. Descriptions from Dembo, 2015",,The curvature of the anterior edge of the temporal squama. (Unordered). States: Rounded (0); Rectilinear (1),,
227,Superior contour of temporal squama,Temporal,CR,D,UM,PHY,,UBERON:0001678,The curvature of the superior edge of the temporal squama.,2,Rounded (0); Rectilinear (1),"Traits from Strait, 1997;2004 & Dembo, 2015. Descriptions from Dembo, 2015",,The curvature of the superior edge of the temporal squama. (Unordered). States: Rounded (0); Rectilinear (1),,
228,Posterior contour of temporal squama,Temporal,CR,D,UM,PHY,,UBERON:0001678,The contour of the posterior temporal squama of the facies temporalis in the asterionic region.,2,Flattened (0); Vertical (1),"Traits from Strait, 1997;2004 & Dembo, 2015. Descriptions from Dembo, 2015",,The contour of the posterior temporal squama of the facies temporalis in the asterionic region. (Unordered). States: Flattened (0); Vertical (1),,
229,Squamosal suture overlap extensive,Temporal,CR,D,UM,PHY,,UBERON:0001678,The superior and posterosuperior aspects of the squamosal suture.,2,Not extensive (0); Extensive (1),"Traits from Strait, 1997;2004 & Dembo, 2015. Descriptions from Dembo, 2015",,The superior and posterosuperior aspects of the squamosal suture. (Unordered). States: Not extensive (0); Extensive (1),"This character refers in particular to the superior and posterosuperior aspects of the squamosal suture. Rak (1978; see also 1983; Kimbel & Rak, 1985) noted that the squamosal suture of A. boisei is extensive, tapered with a bevel (sutura limbosa), and possesses numerous inter-digitations. L.338y-6 also has an extensive squamosal suture (Rak & Howell, 1978). KNM-WT17000 has an extensive suture, though there is disagreement concerning its morphology. Rak & Kimbel (1991, 1993) consider the specimen to have a unique posterolateral extension of the suture, which is disputed by Walker et al. (1993). We follow the latter in the interpretation of KNM-WT 17000. Squamosal suture morphology is poorly preserved in adult A. robustus, so that species cannot be characterized. All other species lack an extensive suture. Pg. 69-70",
230,Position of temporal emphasis,Temporal,CR,D,OM,PHY,,UBERON:0001678,The location of the most strongly expressed part of the temporal lines.,2,Posterior (0); Intermediate 1 (1); Intermediate 2 (2); Anterior (3),"Traits from Strait, 1997;2004 & Dembo, 2015. Descriptions from Dembo, 2015",,The location of the most strongly expressed part of the temporal lines. (Ordered). States: Posterior (0); Intermediate 1 (1); Intermediate 2 (2); Anterior (3),,
231,Temporal line projection,Temporal,CR,D,UM,PHY,,UBERON:0001678,The development of the temporal band.,3,Slight (0); Marked projection (1),"Traits from Strait, 1997;2004 & Dembo, 2015. Descriptions from Dembo, 2015",,The development of the temporal band. (Unordered). States: Slight (0); Marked projection (1).,,
232,Depression beneath the upper temporal line,Parietal,CR,D,UM,PHY,,UBERON:0000210,The presence of a depression on the superior temporal line in the posterior half of the parietal.,2,Absent (0); Present (1),"Traits from Strait, 1997;2004 & Dembo, 2015. Descriptions from Dembo, 2015",,The presence of a depression on the superior temporal line in the posterior half of the parietal. (Unordered). States: Absent (0); Present (1),,
233,Position of temporal lines on parietal bones,Vault,CR,D,UM,PHY,,UBERON:0004339,The width between the temporal lines in superior view.,2,Crest (0); Wide (1),"Traits from Strait, 1997;2004 & Dembo, 2015. Descriptions from Dembo, 2015",,The width between the temporal lines in superior view. (Unordered). States: Crest (0); Wide (1),,
234,Depression between temporal lines,Parietal,CR,D,UM,PHY,,UBERON:0000210,The presence of a depression between the temporal lines in the posterior half of the parietal.,2,Absent (0); Present (1),"Traits from Strait, 1997;2004 & Dembo, 2015. Descriptions from Dembo, 2015",,The presence of a depression between the temporal lines in the posterior half of the parietal. (Unordered). States: Absent (0); Present (1),,
235,Temporal band width in lateral view,Vault,CR,D,UM,PHY,,UBERON:0004339,The width between the temporal lines on in lateral view.,2,Narrow (0); Wide (1),"Traits from Strait, 1997;2004 & Dembo, 2015. Descriptions from Dembo, 2015",,The width between the temporal lines on in lateral view. (Unordered). States: Narrow (0); Wide (1),,
236,Temporal band projection,Parietal,CR,D,OM,PHY,,UBERON:0000210,"The width of the temporal band on the parietal bone. The position, relief and the existence of a stephanion disconection of the space between temporal lines.",2,Lines absent or weak (0); Lines visible but not protruding (1); Lines protruding (2),"Traits from Strait, 1997;2004 & Dembo, 2015. Descriptions from Dembo, 2015",,"The width of the temporal band on the parietal bone. The position, relief and the existence of a stephanion disconnection of the space between temporal lines. (Ordered). States: Lines absent or weak (0); Lines visable but not protruding (1); Lines protruding (2)",,
237,Temporal line position,Parietal,CR,D,UM,BOTH,,UBERON:0000210,The position of temporal lines on the parietal.,3,High (0); Low (1),"Traits from Strait, 1997;2004 & Dembo, 2015. Descriptions from Dembo, 2015; Berger et al. 2010 *has different states; crest, variable, wide*",,The position of temporal lines on the parietal. (Unordered). States: High (0); Low (1),,
238,Parietomastoid angle development,Parietal,CR,D,UM,PHY,,UBERON:0000210,The angle at parietomastoid.,2,Strong (0); Weak (1),"Traits from Strait, 1997;2004 & Dembo, 2015. Descriptions from Dembo, 2015",,The angle at parietomastoid. (Unordered). States: Strong (0); Weak (1),,
239,Prelambdoidal depression,Parietal,CR,D,UM,PHY,,UBERON:0000210,The presence of a prelambdoidal depression.,2,Absent (0); Present (1),"Traits from Strait, 1997;2004 & Dembo, 2015. Descriptions from Dembo, 2015",,The presence of a prelambdoidal depression. (Unordered). States: Absent (0); Present (1),,
240,Projection on lambdoid suture (processus asteriacus),Parietal,CR,D,UM,PHY,,UBERON:0000210,"The presence of an asteriacus process, which is an elevation limited to the inferior segment of the upper temporal line of the parietal.",2,Absent (0); Present (1),"Traits from Strait, 1997;2004 & Dembo, 2015. Descriptions from Dembo, 2015",,"The presence of an asteriacus process, which is an elevation limited to the inferior segment of the upper temporal line of the parietal. (Unordered). States: Absent (0); Present (1)",,
241,Upper occipital squama curvature,Occipital,CR,D,UM,PHY,,UBERON:0001676,The curvature of the upper occipital squama above the inion where superior nuchal lines merge in the medial sagittal plane.,2,Flat or slightly concave (0); Convex (1),"Traits from Strait, 1997;2004 & Dembo, 2015. Descriptions from Dembo, 2015",,The curvature of the upper occipital squama above the inion where superior nuchal lines merge in the medial sagittal plane. (Unordered). States: Flat or slight concave (0); Convex (1),,
242,Occipital squama shape,Occipital,CR,D,UM,PHY,,UBERON:0001676,The shape of the upper part of the occipital squama in norma occipitalis.,2,Pentagonal (0); Triangular (1),"Traits from Strait, 1997;2004 & Dembo, 2015. Descriptions from Dembo, 2015",,The shape of the upper part of the occipital squama in norma occipitalis. (Unordered). States: Pentagonal (0); Triangular (1),,
243,Nuchal plane inclination,Occipital,CR,D,OM,PHY,,UBERON:0001676,The angle between the inion-opisthion chord and Frankfurt Horizontal.,2,Steep (0); Intermediate (1); Weak (2),"Traits from Strait, 1997;2004 & Dembo, 2015. Descriptions from Dembo, 2015",,The angle between the inion-opisthion chord and Frankfurt Horizontal. (Ordered). States: Steep (0); Intermediate (1); Weak (2),"Kimbel et al. (1984) measured this character as an angle between the inion-opisthion chord and Frankfurt Horizontal. Their measurements were supplemented with our own. Three states are recognized, namely steeply inclined (angle >60°), intermediate (60-45°), and weakly inclined (angle <45°). The state assignment of A. robustus (weakly inclined) is based on an estimated value for SK 47. This character was also estimated in KNM-ER 1470, since the orientation of Frankfurt Horizontal depends on how the neurocranium joins the face. The preserved portion of the nuchal plane indicates weak inclination. Finally, although S&M 64 characterize KNM-ER 1805 as having a steep plane, our measurement indicates that the plane is weakly inclined. This specimen exhibits a sharp angulation in the nuchal plane such that its superior portion is steep and inferior portion is weakly inclined. In this regard, it is similar to KNM-ER 406. With respect to these two specimens, the measurement employed here represents an average of these two inclinations. Pg. 73","Brunet et al. (2002:150) described the nuchal plane of TM 266-01-060-1 as being ‘‘horizontally oriented.’’ Recently, Wolpo et al. (2002) suggested that the nuchal plane of this specimen is angled at 55 (relative to the Frankfurt Horizontal (FH). Brunet (2002) noted that the nuchal plane is distorted on the specimen, but when corrected, the value for the specimen (which they do not report) is outside the range of living apes and within the range of early hominids. We were unable to independently assess this feature on either the original or a cast of TM 266-01-060-1. However, we note that our intermediate state (inion-opisthion chord inclined at 60(-45( relative to FH) accommodates both of these statements. Thus, we code this species as being like Pr. afarensis in having an intermediate inclination (state 2). Pg. 442-443"
244,Relative height of nuchal area,Occipital,CR,D,UM,PHY,,UBERON:0001676,The anteroposterior height of the nuchal area of the cranial base relative to the bisupramastoid width.,3,High (0); Low (1),"Traits from Strait, 1997;2004 & Dembo, 2015. Descriptions from Dembo, 2015",,The anteroposterior height of the nuchal area of the cranial base relative to the bisupramastoid width. (Unordered). States: High (0); Low (1),,
245,Compound temporal nuchal crest in males,Occipital,CR,D,OM,BOTH,D,UBERON:0001676,The presence of compound temporal nuchal crest in males.,2,Extensive (0); Partial (1); Absent (2),"Traits from Strait, 1997;2004 & Dembo, 2015. Descriptions from Dembo, 2015",,The presence of compound temporal nuchal crest in males. (Ordered). States: Extensive (0); Partial (1); Absent (2),"Following Kimbel (1988), three states are recognized: (0) an extensive crest extending almost the entire distance between inion and the lateral margin of the supramastoid crest, (1) a partial crest confined to the lateral third of the bi-asterioric breadth, and (2) a crest is absent. A. robustus is coded as missing data for this character. Although Robinson (1958) reported that crests were absent in SK 48, SK 49 and SK 83, the nuchal region is missing in SK 48 and SK83, and SK 49 is not a definitive male. Even though crests are absent in SK 47, this specimen is a juvenile, and may not be ontogenetically old enough to exhibit a crest. The H. habilis state assignment is based on KNM-ER 1805. S&M 72 (‘‘size of posterior relative to anterior part of temporalis muscle’’) is rejected because it represents an interpretation of morphology rather than an observation, and because that interpretation is based on patterns of cranial cresting, which have already been accepted as characters in this analysis. Thus, S&M 72 is redundant with this character and character 20 (presence of sagittal crest). For instance, a sagittal crest combined with a partial temporal nuchal crest would indicate a large anterior temporalis. Pg. 69",
246,Nuchal crest emphasis,Occipital,CR,D,OM,PHY,,UBERON:0001676,The location of the most projecting part of the nuchal crest.,3,Lateral (0); Medial (1); Absent (2),"Traits from Strait, 1997;2004 & Dembo, 2015. Descriptions from Dembo, 2015",,The location of the most projecting part of the nuchal crest. (Ordered). States: Lateral (0); Medial (1); Absent (2),,
247,Occipital angulation,Occipital,CR,D,OM,PHY,,UBERON:0001676,The angle formed between the lambda-inion chord and the inion-opisthion chord.,3,<100 (0); 100 to 110 (1); >110 (2),"Traits from Strait, 1997;2004 & Dembo, 2015. Descriptions from Dembo, 2015",,The angle formed between the lambda-inion chord and the inion-opisthion chord. (Ordered). States: <100 (0); 100 to 110 (1); >100 (2),,
248,Lower occipital squama shape,Occipital,CR,D,UM,PHY,,UBERON:0001676,The curvature of the lower occipital squama.,3,Convex (0); Flat or slightly concave (1),"Traits from Strait, 1997;2004 & Dembo, 2015. Descriptions from Dembo, 2015",,The curvature of the lower occipital squama. (Unordered). States: Convex (0); Flat or slight concave (1),,
249,Longus capitis insertion size,Occipital,CR,D,UM,PHY,,UBERON:0001676,The sizeand orientation of the depression of longus capitis where visible and the degree of development of muscle markings.,2,Large (0); Small (1),"Traits from Strait, 1997;2004 & Dembo, 2015. Descriptions from Dembo, 2015",,The size and orientation of the depression of longus capitis where visible and the degree of development of muscle markings. (Unordered). States: Large (0); Small (1),,
250,Occipital torus development,Occipital,CR,D,OM,PHY,,UBERON:0001676,The development of the occipital torus.,2,Absent (0); Weak (1); Strong (2),"Traits from Strait, 1997;2004 & Dembo, 2015. Descriptions from Dembo, 2015",,The development of the occipital torus. (Ordered). States: Absent (0); Weak (1); Strong (2),,
251,Expansion of occipital torus,Occipital,CR,D,UM,PHY,,UBERON:0001676,The lateral extent of occipital torus.,3,Median (0); Transversal (1),"Traits from Strait, 1997;2004 & Dembo, 2015. Descriptions from Dembo, 2015",,The lateral extent of occipital torus. (Unordered). States: Median (0); Transversal (1),,
252,Occipital plane length,Occipital,CR,D,UM,PHY,,UBERON:0001676,The length of occipital plane relative to the nuchal plane.,2,Lengthened (0); Shortened (1),"Traits from Strait, 1997;2004 & Dembo, 2015. Descriptions from Dembo, 2015",,The length of occipital plane relative to the nuchal plane. (Unordered). States: Lengthened (0); Shortened (1),,
253,Occipital supratoral sulcus,Occipital,CR,D,UM,PHY,,UBERON:0001676,The presence of occipital supratoral sulcus.,2,Absent (0); Present (1),"Traits from Strait, 1997;2004 & Dembo, 2015. Descriptions from Dembo, 2015",,The presence of occipital supratoral sulcus. (Unordered). States: Absent (0); Present (1),,
254,Lateral occipital depression on occipital sulcus,Occipital,CR,D,UM,PHY,,UBERON:0001676,The presence of lateral depressions on occipital sulcus,2,Absent (0); Present (1),"Traits from Strait, 1997;2004 & Dembo, 2015. Descriptions from Dembo, 2015",,The presence of lateral depressions on occipital sulcus. (Unordered). States: Absent (0); Present (1),,
255,Occipital bun,Occipital,CR,D,UM,PHY,,UBERON:0001676,The presence of an occipital bun.,2,Absent (0); Present (1),"Traits from Strait, 1997;2004 & Dembo, 2015. Descriptions from Dembo, 2015",,The presence of an occipital bun. (Unordered). States: Absent (0); Present (1),,
256,Depression above external occipital protuberance.,Occipital,CR,D,UM,PHY,,UBERON:0001676,The depression above external occipital protuberance.,2,Absent (0); Present (1),"Traits from Strait, 1997;2004 & Dembo, 2015. Descriptions from Dembo, 2015",,The depression above external occipital protruberance. (Unordered). States: Absent (0); Present (1),,
257,External occipital protuberance,Occipital,CR,D,UM,PHY,,UBERON:0001676,The presence of external occipital protuberance formed by supreme nuchal lines.,2,Absent (0); Present (1),"Traits from Strait, 1997;2004 & Dembo, 2015. Descriptions from Dembo, 2015",,The presence of external occipital protuberance formed by supreme nuchal lines. (Unordered). States: Absent (0); Present (1),,
258,Tuberculum linearum on occipital,Occipital,CR,D,UM,PHY,,UBERON:0001676,The presence of tuberculum linearum formed by the superior nuchal lines.,2,Absent (0); Present (1),"Traits from Strait, 1997;2004 & Dembo, 2015. Descriptions from Dembo, 2015",,The presence of tuberculum linearum formed by the superior nuchal lines. (Unordered). States: Absent (0); Present (1),,
259,External occipital crest,Occipital,CR,D,UM,PHY,,UBERON:0001676,The presence of the external occpital crest.,2,Absent (0); Present (1),"Traits from Strait, 1997;2004 & Dembo, 2015. Descriptions from Dembo, 2015",,The presence of the external occipital crest. (Unordered). States: Absent (0); Present (1),,
260,Suprainiac fossa,Occipital,CR,D,UM,PHY,,UBERON:0001676,The presence of a suprainiac fossa.,2,Absent (0); Present (1),"Traits from Strait, 1997;2004 & Dembo, 2015. Descriptions from Dembo, 2015",,The presence of a suprainiac fossa. (Unordered). States: Absent (0); Present (1),,
261,Walls of suprainiac fossa,Occipital,CR,D,OM,PHY,,UBERON:0001676,The orientation of the lateral walls of the suprainiac fossa.,2,Convergent (0); Parallel (1); Divergent (2),"Traits from Strait, 1997;2004 & Dembo, 2015. Descriptions from Dembo, 2015",,The orientation of the lateral walls of the suprainiac fossa. (Ordered). States: Convergent (0); Parallel (1); Divergent (2),,
262,Retromastoid process,Occipital,CR,D,UM,PHY,,UBERON:0001676,"The presence of a retromastoid process at the junction of the superior nuchal line and the secondary branch of the inferior nuchal line, between the inion and mastoid process.",3,Absent (0); Present (1),"Traits from Strait, 1997;2004 & Dembo, 2015. Descriptions from Dembo, 2015",,"The presence of a retromastoid process at the junction of the superior nuchal line and the secondary branch of the inferior nuchal line, between the inion and mastoid process. (Unordered). States: Absent (0); Present (1)",,
263,Occipitomastoid crest,Occipital,CR,D,UM,PHY,,UBERON:0001676,The presence of an occipitomastoid crest.,2,Absent (0); Present (1),"Traits from Strait, 1997;2004 & Dembo, 2015. Descriptions from Dembo, 2015",,The presence of an occipitomastoid crest. (Unordered). States: Absent (0); Present (1),,
264,Occipital torus and supramastoid crest contact,Occipital,CR,D,UM,PHY,,UBERON:0001676,The continuity of the occipital torus with the supramastoid crest.,2,Not continuous (0); Continuous (1),"Traits from Strait, 1997;2004 & Dembo, 2015. Descriptions from Dembo, 2015",,The continuity of the occipital torus with the supramastoid crest. (Unordered). States: Not continuous (0); Continuous (1),,
265,Occipital torus to mastoid crest contact,Occipital,CR,D,UM,PHY,,UBERON:0001676,The continuity of the occipital torus with the mastoid crest.,2,Not continuous (0); Continuous (1),"Traits from Strait, 1997;2004 & Dembo, 2015. Descriptions from Dembo, 2015",,The continuity of the occipital torus with the mastoid crest. (Unordered). States: Not continuous (0); Continuous (1),,
266,Occipital torus to upper temporal line contact,Occipital,CR,D,UM,PHY,,UBERON:0001676,The continuity of the occipital torus with the upper temporal line.,2,Not continuous (0); Continuous (1),"Traits from Strait, 1997;2004 & Dembo, 2015. Descriptions from Dembo, 2015",,The continuity of the occipital torus with the upper temporal line. (Unordered). States: Non continuous (0); Continuous (1),,
267,Inion location,Occipital,CR,D,UM,PHY,,UBERON:0001676,The location of inion relative to the opisthocranion.,2,Below opisthocranion (0); At opisthocranion (1),"Traits from Strait, 1997;2004 & Dembo, 2015. Descriptions from Dembo, 2015",,The location of inion relative to the opisthocranion. (Unordered). States: Below opisthocranion (0); At opisthocranion,,
268,Inion/endinion location,Occipital,CR,D,UM,PHY,,UBERON:0001676,The location of inion on the external cranial surface and endinion on the endocranial surface.,2,Separate (0); Coincide (1),"Traits from Strait, 1997;2004 & Dembo, 2015. Descriptions from Dembo, 2015",,The location of inion on the external cranial surface and endinion on the endocranial surface. (Unordered). States: Separate (0); Coincide (1),,
269,Occipitomarginal sinus frequency,Occipital,CR,D,OM,PHY,,UBERON:0001676,The frequency of the presence of occipitomarginal sinus.,2,Low (0); Intermediate (1); High (2),"Traits from Strait, 1997;2004 & Dembo, 2015. Descriptions from Dembo, 2015",,The frequency of the presence of occipitomarginal sinus. (Ordered). States: Low (0); Intermediate (1); High (2),,
270,Foramen magnum shape,Occipital,CR,D,UM,BOTH,D,UBERON:0001676,The shape of foramen magnum.,3,Oval (0); Heart (1),"Traits from Strait, 1997;2004 & Dembo, 2015. Descriptions from Dembo, 2015; D for P. boisei",,The shape of foramen magnum. (Unordered). States: Oval (0); Heart (1),,
271,Foramen magnum position,Occipital,CR,D,OM,PHY,,UBERON:0001676,The position of foramen magnum relative to bi-tympanic line.,2,Posterior (0); At line (1); Anterior (2),"Traits from Strait, 1997;2004 & Dembo, 2015. Descriptions from Dembo, 2015",,The position of foramen magnum relative to bi-tympanic line. (Ordered). States: Posterior (0); At line (1); Anterior (2),,
272,Foramen magnum inclination,Occipital,CR,D,OM,PHY,,UBERON:0001676,The angle between the basion-opisthion chord and Frankfurt Horizontal.,3,Posteriorly (0); Horizontal (1); Anteriorly (2),"Traits from Strait, 1997;2004 & Dembo, 2015. Descriptions from Dembo, 2015",,The angle between the basion-opisthion chord and Frankfurt Horizontal. (Ordered). States: Posteriorly (0); Horizontal (1); Anteriorly (2),"This character is measured as the angle between the basion–opisthion chord and Frankfurt Horizontal. Measurements by us are comparable to those recorded by Wood (1991) but differ somewhat from those of Kimbel et al. (1984). All three data sets, however, group species into similar clusters. The foramen magnum is strongly inclined posteriorly (state 0) if it faces backwards at an angle of greater than 17·5 degrees). It is strongly inclined anteriorly (state 2) if it faces forward at an angle of greater than 13 degrees). An intermediate inclination (state 1) approximates the horizontal plane. Basion is missing in A. afarensis specimens that can be reliably oriented in Frankfurt Horizontal, so a state was not assigned to that species. Similarly, states could not be assigned to H. rudolfensis and A. aethiopicus. H. ergaster is coded as having state 2 based on the reconstruction of KNM-WT 15000 presented in Walker & Leakey (1993; A. Walker, pers. comm.); the cranial bases of KNM-ER 3733 and KNM-ER 3883 are distorted. Pg. 73-74",
273,Cranial base breadth,Basicranium,CR,C,OM,PHY,,UBERON:0002517,The index of bi-porion chord divided by orbital height chord.,3,Narrow (0); Intermediate (1); Broad (2),"Traits from Strait, 1997;2004 & Dembo, 2015. Descriptions from Dembo, 2015",,The index of bi-porion chord divided by orbital height chord. (Ordered). States: Narrow (0); Intermediate (1); Broad (2),,
274,Basioccipital length,Basicranium,CR,C,OM,PHY,,UBERON:0002517,The index of basion-sphenobasion length divided by cranial base geometric mean.,3,Long (0); Intermediate (1); Short (2),"Traits from Strait, 1997;2004 & Dembo, 2015. Descriptions from Dembo, 2015",,The index of basion-sphenobasion length divided by cranial base geometric mean. (Ordered). States: Long (0); Intermediate (1); Short (2),,
275,Cranial base flexion,Basicranium,CR,D,OM,PHY,,UBERON:0002517,The angle between Frankfurt Horizontal and the basion-hormion chord (the inclination of the basioccipital and basisphenoid measured externally).,3,Flat (0); Moderate (1); Flexed (2),"Traits from Strait, 1997;2004 & Dembo, 2015. Descriptions from Dembo, 2015",,The angle between Frankfurt Horizontal and the basion-hormion chord (the inclination of the basioccipital and basisphenoid measured externally). (Ordered). States: Flat (0); Moderate (1); Flexed (2),"Flexion is characterized as the angle between Frankfurt Horizontal and the basion–hormion chord (i.e., the inclination of the basioccipital and basisphenoid measured externally). Flexion is traditionally measured internally, but an external measurement allows the inclusion of many more specimens. The states in S&M 55 are accepted here except for A. afarensis, because the relevant morphology is preserved only in an infant (AL 333-105). Furthermore, contra S&M 55, the morphology of P. robustus is probably better expressed in SK 47 than in SK 48. Although SK 47 is a juvenile, it is much older ontogenetically than AL 333-105. KNM-WT 15000 has a flexed base to judge from the descriptions and figures in Walker & Leakey (1993). The bases of other H. ergaser specimens (KNM-ER 3733, KNM-ER 3883) appear flat, but may have been partially distorted. Pg. 71",
276,Posterior base shape,Basicranium,CR,D,UM,PHY,,UBERON:0002517,The horizonal disatnce between the coronal plane of the mastoid crests and the most posterior part of the cranial base between the supramastoid crests.,3,Moderate (0); Squat (1); Elongate (2),"Traits from Strait, 1997;2004 & Dembo, 2015. Descriptions from Dembo, 2015",,The horizontal distance between the coronal plane of the mastoid crests and the most posterior part of the cranial base between the supramastoid crests. (Unordered). States: Moderate (0); Squat (1); Elongate (2),,
277,Cerebellum position,Brain,CR,D,UM,PHY,,UBERON:0000955,The position of the cerebellum relative to the cerebrum.,3,Not tucked (0); Tucked (1),"Traits from Strait, 1997;2004 & Dembo, 2015. Descriptions from Dembo, 2015",,The position of the cerebellum relative to the cerebrum. (Unordered). States: Not tucked (0); Tucked (1),,
278,Anterior pole shape,Brain,CR,D,UM,PHY,,UBERON:0000955,"The shape of the anterior poles of the frontal lobe as seen in the endocast. Strongly anteriorly tapered lobes are considered ""beaked"".",2,Rounded (0); Beaked (1),"Traits from Strait, 1997;2004 & Dembo, 2015. Descriptions from Dembo, 2015",,"The shape of the anterior poles of the frontal lobe as seen in the endocasts. Strongly anteriorly tapered lobes are considered ""beaked"". (Unordered). States: Rounded (0); Beaked (1)",,
279,Enamel thickness,Dentition,DEN,D,OM,BOTH,D,UBERON:0003672,The relative thickness of enamel.,2,Thin (0); Thick (1); Hyperthick (2),"Traits from Strait, 1997;2004 & Dembo, 2015. Descriptions from Dembo, 2015",,The relative thickness of enamel. (Ordered). States: Thin (0); Thick (1); Hyperthick (2),"Metrical data derive from Beynon & Wood (1987), and Grine (unpubl.) for A. boisei, Beynon & Wood (1986, 1987) and Bromage et al. (1994) for H. rudolfensis, Beynon & Wood (1986) and Grine (unpubl.) for H. habilis, Grine & Martin (1988) for A. africanus, Grine & Martin (1988) for A. aethiopicus, Grine & Martin (1988) for A. robustus, and Grine & Martin (1988) and Grine (unpubl.) for Pan, Gorilla and H. sapiens. Three categories of relative enamel thickness are recognized. These are (0) thin, (1) thick, and (2) hyperthick. There is no metrical data available for A. afarensis. Although White et al. (1994) distinguish Ardipithecus ramidus from A. afarensis on tooth enamel thickness, Wood (1991) makes reference to KNM-ER 5431 as having ‘‘absolutely and relatively thin’’ enamel on the fractured p4 . The attribution of KNM-ER 5431 is open to dispute, but it may be referrable to A. afarensis. Thus, the state assignment of A. afarensis (thick) is based on the observation by Leakey et al. (1995) that enamel in A. anamensis is of comparable thickness to that in A. afarensis, and that it is relatively thicker than that of A. ramidus Pg. 79",
280,Dental development rate,Dentition,DEN,D,OM,PHY,,UBERON:0003672,The differences in the calcification and eruption patterns of the permanent teeth in extant hominoids and fossil hominids.,3,Delayed (0); Intermediate (1); Accelerated (2),"Traits from Strait, 1997;2004 & Dembo, 2015. Descriptions from Dembo, 2015",,The differences in the calcification and eruption patterns of the permanent teeth in extant hominoids and fossil hominids. (Ordered). States: Delayed (0); Intermediate (1); Accelerated (2),"Dean (1985, 1987, 1988b) and Smith (1986, 1994) have described differences in the calcification and eruption patterns of the permanent teeth in extant hominoids and fossil hominids. The results of their independent investigations are in broad agreement with regard to general patterns of development in that A. afarensis and A. africanus are observed to display a pattern consistent with that exhibited by Pan and Gorilla. This pattern (state 0) entails delayed maturation of the permanent incisors, premolars and especially the canines relative to the development of the M1. Humans display a condition (state 1) in which there is greater concordance of developmental timing among these teeth. Although Smith (1986) expressed some doubt as to the pattern that best described KNM-ER 820 and KNM-ER 1507 (attributed here to H. ergaster), Dean (1987, 1988b) and later Smith (1994) considered their incisor and molar patterns to be comparable to those of modern humans. Dean (1988b; Dean et al., 1993) and Smith (1986, 1994) are in agreement that A. robustus and A. boisei display a pattern of dental development in which their incisors, canines and premolars are developmentally advanced relative to the M1 by human standards (state 2). According to Smith (1988, 1994), KNM-ER 1590, attributed here to H. rudolfensis, exhibits the primitive ape-like pattern (state 0). Data are unavailable for A. aethiopicus and for H. habilis. The specific attribution of the early Homo juvenile mandible Omo 222-2744 is uncertain, as is that (SKX 21204) from Swartkrans Member 1 “Lower Bank'' (Grine, 1993); in neither case has the specimen been examined in relation to this question. Pg. 79",Strait et al. (1997) failed to report that this character was considered unordered in all of their analyses. Pg. 443
281,Cingulum expression,Dentition,DEN,D,UM,PHY,,UBERON:0003672,The presence of labial cingulum in lower canines and premolars.,3,Present (0); Absent (1),"Traits from Strait, 1997;2004 & Dembo, 2015. Descriptions from Dembo, 2015",,The presence of labial cingulum in lower canines and premolars. (Unordered). States: Present (0); Absent (1),,
282,Sulcus obliqus development,Dentition,DEN,D,UM,PHY,,UBERON:0003672,The development of oblique sulcus.,2,Weak to moderate (0); Strong (1),"Traits from Strait, 1997;2004 & Dembo, 2015. Descriptions from Dembo, 2015",,The development of oblique sulcus. (Unordered). States: Weak to moderate (0); Strong (1),,
283,Fovea posterior development,Dentition,DEN,D,UM,PHY,,UBERON:0003672,The development of fovea posterior.,3,Absent or weak (0); Well developed (1),"Traits from Strait, 1997;2004 & Dembo, 2015. Descriptions from Dembo, 2015",,The development of fovea posterior. (Unordered). States: Absent or weak (0); Well developed (1),,
284,Maxillary incisor heteromorphy,Incisor,DEN,C,UM,PHY,,UBERON:0001098,The index of I1 area divided by I2 area.,2,Dissimilar (0); Similar (1),"Traits from Strait, 1997;2004 & Dembo, 2015. Descriptions from Dembo, 2015",,The index of 11 area divided by 12 area. (Unordered). States: Dissimilar (0); Similar (1),,
285,Incisor procumbency,Incisor,DEN,D,UM,PHY,,UBERON:0001098,The orientation of incisors.,2,Procumbent (0); Vertical (1),"Traits from Strait, 1997;2004 & Dembo, 2015. Descriptions from Dembo, 2015; Asfaw et al. 1999",,The orientation of incisors. (Unordered). States: Procumbent (0); Vertical (1),,
286,Presence of Maxillary I2/C diastema,Incisor,DEN,D,UM,PHY,,UBERON:0001098,The presence of maxillary diastema.,2,Present (0); Absent (1),"Traits from Strait, 1997;2004 & Dembo, 2015. Descriptions from Dembo, 2015",,The presence of maxillary diastema. (Unordered). States: Present (0); Absent (1),,
287,Maxillary incisor-to postcanine ratio,Incisor,DEN,C,OM,BOTH,D,UBERON:0001098,The ratio of maxillary incisor-to-postcanine teeth.,2,Small (0); Moderate (1); Large (2),"Traits from Strait, 1997;2004 & Dembo, 2015. Descriptions from Dembo, 2015; Berger et al. 2010",,The ratio of maxillary incisor-to-postcanine teeth. (Ordered). States: Small (0); Moderate (1); Large (2),,
288,Lingual crenulations of maxillary I1,Incisor,DEN,D,UM,PHY,,UBERON:0001098,The extent of enamel crenulations on the lingual surface of maxillary I1.,3,Absent (0); Marginal (1); Whole surface (2),"Traits from Strait, 1997;2004 & Dembo, 2015. Descriptions from Dembo, 2015",,The extent of enamel crenulations on the lingual surface of maxillary 11. (Unordered). States: Absent (0); Marginal (1); Whole surface (2),,
289,Labial curvature of maxillary I1,Incisor,DEN,D,OM,PHY,,UBERON:0001098,The development of labial curvature of maxillary I1.,3,Trace (0); Weak (1); Moderate (2); Pronounced (3),"Traits from Strait, 1997;2004 & Dembo, 2015. Descriptions from Dembo, 2015",,The development of labial curvature of maxillary 11. (Ordered). States: Trace (0); Weak (1); Moderate (2); Pronounced (3),,
290,Shovel on maxillary I1,Incisor,DEN,D,UM,PHY,,UBERON:0001098,The development of shovel-shaped maxillary I1.,4,Absent (0); Faint (1); Trace (2),"Traits from Strait, 1997;2004 & Dembo, 2015. Descriptions from Dembo, 2015",,The development of shovel-shaped maxillary 11. (Unordered). States: Absent (0); Faint (1); Trace (2),,
291,Double shovel on maxillary I1,Incisor,DEN,D,UM,PHY,,UBERON:0001098,The presence of double shovel-shaped maxillary I1.,3,Absent (0); Fraint (1),"Traits from Strait, 1997;2004 & Dembo, 2015. Descriptions from Dembo, 2015",,The presence of double shovel-shaped maxillary 11. (Unordered). States: Absent (0); Faint (1),,
292,Shovel shape in maxillary I2,Incisor,DEN,D,UM,PHY,,UBERON:0001098,The shape of maxillary I2.,2,Classic (0); Triangular (1); Absent (2),"Traits from Strait, 1997;2004 & Dembo, 2015. Descriptions from Dembo, 2015",,The shape of maxillary 12. (Unordered). States: Classic (0); Triangular (1); Absent (2),,
293,Canine robusticity,Canine,DEN,D,UM,BOTH,D,UBERON:0018583,The robusticity of the canines.,3,Slender (0); More robust (1),"Traits from Strait, 1997;2004 & Dembo, 2015. Descriptions from Dembo, 2015",,The robusticity of the canines. (Unordered). States: Slender (0); More robust (1),,
294,Canine size reduction,Canine,DEN,D,OM,PHY,,UBERON:0018583,The degree of canine reduction calibrated relative to Pan and Gorilla. Canine size and canine root dimentions compared to canines of extant African apes.,2,No (0); Somewhat (1); Very (2),"Traits from Strait, 1997;2004 & Dembo, 2015. Descriptions from Dembo, 2015",,The degree of canine reduction calibrated relative to Pan and Gorilla. Canine size and canine root dimentions compared to canines of extant African apes. (Ordered). States: No (0); Somewhat (1); Very (2),"This trait relates to both maxillary and mandibular canines. Reduction is calibrated relative to Pan and Gorilla, which do not have reduced canines. Walker et al. (1986) reported that KNM-WT 17000 has small canines, an assessment that was presumably based on the size of the canine alveoli. Although canine crowns are missing in other A. aethiopicus specimens, canine roots in some specimens (e.g., Omo 18-1967-18) likewise appear small. Skelton & McHenry (1992) include seven characters that redundantly describe canine size. S&M 7 (‘‘upper canine juga and prominence’’) reflects the size of the upper canine root and S&M 21 (‘‘projection of upper canine’’) is redundant with size because large canines project whereas small canines do not. Likewise, S&M 22 (‘‘upper canine labial crown profile’’) reflects size because large canines are asymmetrical while small ones are symmetrical. Similarly, mesial and distal contact facets (S&M 23), diastemata (S&M 27), a long and steep mesial occlusal edge (S&M 24) and a long distal edge are associated only with large canines. These seven traits were, therefore, subsumed under our canine size character (51). Pg. 76",This character represents a change from the character employed by Strait et al. (1997) in that it now includes canine root dimensions. The data from all early hominid specimens for which both the crown and root modules can be determined reveals a very close correlation between these two values (maxillary r^2=0.86; mandibular r^2=0.90). Note that all of the extant non-human primates included here exhibit canines that are either absolutely or relatively larger than those of early hominids. Pg. 443
295,Extensive mesial groove on maxillary canine,Canine,DEN,D,UM,PHY,,UBERON:0018583,The presence of a mesial groove on the upper canine that extends to the crown apex.,3,Yes (0); No (1),"Traits from Strait, 1997;2004 & Dembo, 2015. Descriptions from Dembo, 2015",,The presence of a mesial groove on the upper canine that extends to the crown apex. (Unordered). States: Yes (0); No (1),,
296,Lingual ridge development on maxillary canine,Canine,DEN,D,UM,PHY,,UBERON:0018583,The development of the lingual ridges on maxillary C.,2,Marked (0); Weak (1) ,"Traits from Strait, 1997;2004 & Dembo, 2015. Descriptions from Dembo, 2015",,The development of the lingual ridges on maxillary C. (Unordered). States: Marked (0); Weak (1),,
297,Bushman canine on maxillary canine,Canine,DEN,D,UM,PHY,,UBERON:0018583,The presence of Bushman canine.,2,Absent (0); Present (1),"Traits from Strait, 1997;2004 & Dembo, 2015. Descriptions from Dembo, 2015",,The presence of Bushman canine. (Unordered). Absent (0); Present (1),,
298,Distal accessory ridge development on maxillary canine,Canine,DEN,D,OM,PHY,,UBERON:0018583,The development of the distal accessory ridge on maxillary canine.,2,Absent (0); Faint (1); Weak (2),"Traits from Strait, 1997;2004 & Dembo, 2015. Descriptions from Dembo, 2015",,The development of the distal accessory ridge on maxillary canine. (Ordered). States: Absent (0); Faint (1); Weak (2),,
299,Lingual shape of maxillary canine,Canine,DEN,D,OM,PHY,,UBERON:0018583,"The symmetry of the maxillary canine in lingual views, assessed by the position of the mesial and distal crown shoulder positions relative to the crown apex.",3,Asymmetric (0); More symmetric (1); Symmetric (2),"Traits from Strait, 1997;2004 & Dembo, 2015. Descriptions from Dembo, 2015",,"The symmetry of the maxillary canine in lingual views, assessed by the position of the mesial and distal crown shoulder positions relative to corwn apex. (Ordered). States: Asymmetric (0); More symmetric (1); Symmetric (2)",,
300,Shape of maxillary canine,Canine,DEN,D,UM,PHY,,UBERON:0018583,The shape and the sharpness of maxillary canine.,3,"Sharp, flared (0); Rounded, no cuspule (1)","Traits from Strait, 1997;2004 & Dembo, 2015. Descriptions from Dembo, 2015",,"The shape and the sharpness of maxillary canine. (Unordered). States: Sharp, flared (0); Rounded, no cuspule (1)",,
301,Shape of mandibular canine,Canine,DEN,D,UM,PHY,,UBERON:0018583,The shape of mandibular canine.,2,Asymmetrical (0); Symmetrical (1),"Traits from Strait, 1997;2004 & Dembo, 2015. Descriptions from Dembo, 2015",,The shape of mandibular canine. (Unordered). States: Asymmetrical (0); Symmetrical (1),,
302,Lingual ridge development on mandibular canine,Canine,DEN,D,UM,PHY,,UBERON:0018583,The prominence of medial lingual ridge of mandibular canine.,2,Prominent (0); Weak (1),"Traits from Strait, 1997;2004 & Dembo, 2015. Descriptions from Dembo, 2015",,The prominence of medial lingual ridge of mandibular canine. (Unordered). States: Prominent (0); Weak (1),,
303,Basal keel on mandibular canine,Canine,DEN,D,OM,PHY,,UBERON:0018583,The presence of the basal keel of mandibular canine.,2,Present (0); Reduced (1); Absent (2),"Traits from Strait, 1997;2004 & Dembo, 2015. Descriptions from Dembo, 2015",,The presence of the basal keel of mandibular canine. (Ordered). States: Present (0); Reduced (1); Absent (2),,
304,Maxillary premolar molarization,Premolar,DEN,D,OM,PHY,,UBERON:0007120,The degree of molarization on maxillary premolars.,3,None (0); Minor (1); Marked (2),"Traits from Strait, 1997;2004 & Dembo, 2015. Descriptions from Dembo, 2015; Asfaw et al. 1999",,The degree of molarization on maxillary premolars. (Ordered). States: None (0); Minor (1); Marked (2),,
305,Buccal grooves on maxillary premolars,Premolar,DEN,D,UM,PHY,,UBERON:0007120,The development of buccal grooves on maxillary premolars.,3,Marked (0); Weak (1),"Traits from Strait, 1997;2004 & Dembo, 2015. Descriptions from Dembo, 2015",,The development of buccal grooves on maxillary premolars. (Unordered). States: Marked (0); Weak (1),,
306,P3 position,Premolar,DEN,D,UM,PHY,,UBERON:0007120,The position of P3 relative to canine.,2,Posterior (0); Posterolateral (1),"Traits from Strait, 1997;2004 & Dembo, 2015. Descriptions from Dembo, 2015",,The position of P3 relative to canine. (Unordered). States: Posterior (0); Posterolateral (1),,
307,Maxillary P3 cusp heteromorphy,Premolar,DEN,D,OM,PHY,,UBERON:0007120,The size of paracone of upper premolars relative to the protocone.,2,Paracone much larger than protocone (0); Paracone larger than protocone (1); Paracone equals protocone (2),"Traits from Strait, 1997;2004 & Dembo, 2015. Descriptions from Dembo, 2015",,The size of paracone of upper premolars relative to the protocone. (Ordered). States: Paracone much larger than protocone (0); Paracone larger than protocone (1); Paracone equals protocone (2),,
308,Maxillary P3 root number,Premolar,DEN,D,UM,PHY,,UBERON:0007120,The number of roots on maxillary P3.,3,Two (0); >Two (1),"Traits from Strait, 1997;2004 & Dembo, 2015. Descriptions from Dembo, 2015",,The number of roots on maxillary P3. (Unordered). States: Two (0); >Two (1),,
309,Maxillary P3 mesiobuccal line extent,Premolar,DEN,D,OM,PHY,,UBERON:0007120,The extent of mesiobuccal line on maxillary P3.,2,Always (0); Frequent (1); Rare (2); Absent (3),"Traits from Strait, 1997;2004 & Dembo, 2015. Descriptions from Dembo, 2015",,The extent of mesiobuccal line on maxillary P3. (Ordered). States: Always (0); Frequent (1); Rare (2); Absent (3),,
310,Mandibular P3 root number,Premolar,DEN,D,UM,PHY,,UBERON:0007120,The number of roots on mandibular P3.,4,One (0); Two (1),"Traits from Strait, 1997;2004 & Dembo, 2015. Descriptions from Dembo, 2015",,The number of roots on mandibular P3. (Unordered). States: One (0); Two (1),,
311,Frequency of well developed metaconid on mandibular P3,Premolar,DEN,D,OM,PHY,,UBERON:0007120,The frequency of a well-developed P3 metacnoid within each species sample.,2,Absent (0); Infrequent (1); Frequent (2),"Traits from Strait, 1997;2004 & Dembo, 2015. Descriptions from Dembo, 2015",,The frequency of a well developed P3 metaconid within each species sample. (Ordered). States: Absent (0); Infrequent (1); Frequent (2),"This feature is a slight alteration of S&M 32. Their characterization of this character, and therefore the character state distributions that they recognized are altered. We refer to the frequency of a well-developed p3 metaconid within each species sample. Three states are recognized, being (0) metaconid absent, (1) metaconid infrequent, and (2) metaconid frequent. In addition to S&M 32, Skelton & McHenry (1992) employed four other characters that reflect p3 metaconid development. S&M 33 (‘‘p3 talonid height’’) is clearly related to the size of the metaconid, and indeed, the codes that they provide for these ‘‘two’’ features (S&M 32 and 33) have exactly the same distributions. S&M 34 (‘‘robust’’ features of p3) is not a single character, but a compilation of several components, which are related to the overall size of the crown, the size of the metaconid, and talonid development. This morphology has been accommodated in the present study by characters 53 and 58. S&M 35 (‘‘crown shape index of p3’’) is related to metaconid development, because a large metaconid will result in lingual expansion of the crown and, therefore, an increased BL diameter. Also, because the p3s in Pan, Gorilla, and A. afarensis are set at an angle to the tooth row, their MD and BL diameters are not strictly comparable with those recorded for the premolars of other species (White et al., 1981). Finally, S&M 35 is little more than a metrical statement of S&M 36 (‘‘p3 occlusal outline shape’’). Pg. 78",
312,Mandibular P3 shape,Premolar,DEN,D,OM,PHY,,UBERON:0007120,The shape and symmetry of mandibular P3.,3,"Asymmetrical (0); Less asymmetrical, talonid reduced (1); Much less asymmetrical, talonid absent (2); Circular (3)","Traits from Strait, 1997;2004 & Dembo, 2015. Descriptions from Dembo, 2015",,"The shape and symmetry of mandibular P3. (Ordered). States: Asymmetrical (0); Less asymmetrical, talonid reduced (1); Much less asymmetrical, talonid absent (2); Circular (3)",,
313,Lingual cusp on mandibular P4,Premolar,DEN,D,UM,PHY,,UBERON:0007120,The number of cusps on mandibular P4.,4,"Two, mesial cusp much larger (0); Two, mesial cusp larger (1); Two, cusps equal size (2); Two, distal cusp larger (3)","Traits from Strait, 1997;2004 & Dembo, 2015. Descriptions from Dembo, 2015",,"The number of cusps on mandibular P4. (Unordered); States: Two mesial cusp much larger (0); Two, mesial cusp larger (1); Two, cusps equal size (2); Two, distal cusp larger (3)",,
314,Mandibular P4 root number,Premolar,DEN,D,UM,PHY,,UBERON:0007120,The number of roots on mandibular P4.,4,One (0); Two (1),"Traits from Strait, 1997;2004 & Dembo, 2015. Descriptions from Dembo, 2015",,The number of roots on mandibular P4. (Unordered). States: One (0); Two (1),,
315,Mandibular P4 shape,Premolar,DEN,D,OM,PHY,,UBERON:0007120,The symmetry of mandibular P4.,2,"Asymmetrical, wide polygon (0); Asymmetrical, reduced polygon (1); Symmetrical (2)","Traits from Strait, 1997;2004 & Dembo, 2015. Descriptions from Dembo, 2015",,"The symmetry of mandibular P4. (Ordered). States: Asymmetrical, wide polygon (0); Asymmetrical, reduced polygon (1); Symmetrical (2)",,
316,Postcanine crown area,Molar,DEN,D,OM,PHY,,UBERON:0003655,The summed area of postcanine teeth.,3,Small (0); Moderate (1); Large (2),"Traits from Strait, 1997;2004 & Dembo, 2015. Descriptions from Dembo, 2015",,The summed area of postcanine teeth. (Ordered). States: Small (0); Moderate (1); Large (2),,
317,Size of M1 relative to M2,Molar,DEN,C,UM,PHY,,UBERON:0003655,The ratio of crown area of M1 relative to M2.,3,≥ 1 (0); <1 (1),"Traits from Strait, 1997;2004 & Dembo, 2015. Descriptions from Dembo, 2015",,The ratio of crown area of M1 relative to M2. (Unordered). States: >= 1 (0); <1 (1),,
318,Size of M1 relative to M3,Molar,DEN,C,UM,PHY,,UBERON:0003655,The ratio of crown area of M1 relative to M3.,2,≥ 1 (0); <1 (1),"Traits from Strait, 1997;2004 & Dembo, 2015. Descriptions from Dembo, 2015",,The ratio of crown area of M1 relative to M3. (Unordered). States: >= 1(0); <1 (1),,
319,Size of M2 relative to M3,Molar,DEN,C,UM,PHY,,UBERON:0003655,The ratio of crown area of M2 relative to M3.,2,≥ 1 (0); <1 (1),"Traits from Strait, 1997;2004 & Dembo, 2015. Descriptions from Dembo, 2015",,The ratio of crown area of M2 relative to M3. (Unordered). States: >= 1 (0); <1 (1),,
320,Molar cingulum development,Molar,DEN,D,UM,PHY,,UBERON:0003655,The development of molar cingulum on maxillary molars.,2,"Reduced, incomplete (0); Fragmented or absent (1)","Traits from Strait, 1997;2004 & Dembo, 2015. Descriptions from Dembo, 2015",,"The development of molar cingulum on maxillary molars. (Unordered). States: Reduced, incomplete (0); Fragmented or absent (1)",,
321,Molar dentine horn height,Molar,DEN,D,UM,PHY,,UBERON:0003655,The height of the molar dentine horns.,2,High (0); Low (1),"Traits from Strait, 1997;2004 & Dembo, 2015. Descriptions from Dembo, 2015",,The height of the molar dentine horns. (Unordered). States: High (0); Low (1),,
322,Maxillary molar morphology,Molar,DEN,D,UM,PHY,,UBERON:0003655,The development of cusps and enamel on the maxillary molar.,2,"Well developed cusps and cristae (0); Inflated cusps, limited cristae (1); Low cusps with enamel wrinkling (2); Flat, bunodont morphology (3)","Traits from Strait, 1997;2004 & Dembo, 2015. Descriptions from Dembo, 2015",,"The development of cusps and enamel on the maxillary molar. (Unordered). States: Well developed cusps and cristae (0); Inflated cusps, limited cristae (1); Low cusps with enamel wrinkling (2); Flat bunodont morphology (3)",,
323,Protocristid groove prominence of mandibular molars,Molar,DEN,D,UM,PHY,,UBERON:0003655,The development of protocristic groove on molars.,4,Prominent (0); Barely visible (1),"Traits from Strait, 1997;2004 & Dembo, 2015. Descriptions from Dembo, 2015",,The development of protocristic groove on molars. (Unordered). States: Prominent (0); Barely visible (1),,
324,Lingual marginal ridge development,Molar,DEN,D,OM,PHY,,UBERON:0003655,The development of the lingual marginal ridges of molars.,2,Hardly appreciable (0); More prominent (1); Very prominent (2),"Traits from Strait, 1997;2004 & Dembo, 2015. Descriptions from Dembo, 2015",,The development of the lingual marginal ridges of molars. (Ordered). States: Hardly appreciable (0); More prominent (1); Very prominent (2),,
325,Positions of buccal and lingual cusps relative to crown margin,Molar,DEN,D,UM,PHY,,UBERON:0003655,The positions of the buccal and lingual cusp tips relative to the crown base.,3,"BC and LC at margin (0); LC margin, BC slightly lingual (1); LC margin, BC moderately lingual (2); LC slightly buccal, BC moderately lingual (3); LC moderately buccal, BC strongly lingual (4)","Traits from Strait, 1997;2004 & Dembo, 2015. Descriptions from Dembo, 2015",,"The positions of the buccal and lingual cusp tips relative to the crown base. (Unordered). States: BC and LC at margin (0); LC margin, BC slightly lingual (1); LC margin, BC moderately lingual (3); LC moderately buccal, BC strongly lingual (4)",,
326,Protoconid/metaconid more mesial cusp on molars,Molar,DEN,D,UM,PHY,,UBERON:0003655,The most mesial cusp on mandibular molars.,5,Equal (0); Protoconid (1),"Traits from Strait, 1997;2004 & Dembo, 2015. Descriptions from Dembo, 2015",,The most mesial cusp on mandibular molars. (Unordered). States: Equal (0); Protoconid (1),,
327,Peak of enamel thickness between the roots of molars,Molar,DEN,D,UM,PHY,,UBERON:0003655,The thickness of enamel between the roots of molars.,2,Thin (0); Thicker (1),"Traits from Strait, 1997;2004 & Dembo, 2015. Descriptions from Dembo, 2015",,The thickness of enamel between the roots of molars. (Unordered). Thin (0); Thicker (1),,
328,Maxillary M1 shape,Molar,DEN,D,UM,PHY,,UBERON:0003655,The shape of maxillary M1.,2,Squared (0); Rhomboidal (1),"Traits from Strait, 1997;2004 & Dembo, 2015. Descriptions from Dembo, 2015",,The shape of maxillary M1. (Unordered). States: Squared (0); Rhomboidal (1),,
329,Cusp 5 on maxillary M1,Molar,DEN,D,UM,PHY,,UBERON:0003655,The development of cusp 5 on maxillary M1.,2,Faint cuspule (0); Trace cuspule (1); Small cuspule (2),"Traits from Strait, 1997;2004 & Dembo, 2015. Descriptions from Dembo, 2015",,The development of cusp 5 on maxillary M1. (Unordered). States: Faint cuspule (0); Trace cuspule (1); Small cuspule,,
330,Enamel extension on maxillary M1,Molar,DEN,D,UM,PHY,,UBERON:0003655,The extension of enamel on maxillary M1.,3,Absent (0); Faint (1),"Traits from Strait, 1997;2004 & Dembo, 2015. Descriptions from Dembo, 2015",,The extension of enamel on maxillary M1. (Unordered). States: Absent (0); Faint (1),,
331,Carabelli's cusp on mandibular M1,Molar,DEN,D,UM,PHY,,UBERON:0003655,The development of Carabelli's cusp of maxillary M1.,2,"Lingual cingulum (0); Absent (1); Groove, small cusp (2); Pit, small cusp (3); Large depression, cusp (4)","Traits from Strait, 1997;2004 & Dembo, 2015. Descriptions from Dembo, 2015",,"The development of Carabelli's cusp of maxillary M1. (Unordered). States: Lingual cingulum (0); Absent (1); Groove, small cusp (2); Pit, small cusp (3); Large depression, cusp (4)",,
332,Anterior fovea on mandibular M1,Molar,DEN,D,OM,PHY,,UBERON:0003655,The development of anterior fovea of mandibular M1.,5,Faint (0); Weak (1); Moderate (2); Large (3),"Traits from Strait, 1997;2004 & Dembo, 2015. Descriptions from Dembo, 2015",,The development of anterior fovea of mandibular M1. (Ordered). States: Faint (0); Weak (1); Moderate (2); Large (3),,
333,Cusp number on mandibular M1,Molar,DEN,D,UM,PHY,,UBERON:0003655,The number of cusps on mandibular M1.,4,Five (0); Six (1),"Traits from Strait, 1997;2004 & Dembo, 2015. Descriptions from Dembo, 2015",,The number of cusps on mandibular M1. (Unordered). States: Five (0); Six (1),,
334,Protostylid on mandibular M1,Molar,DEN,D,UM,PHY,,UBERON:0003655,The development of protostylid of mandibular M1.,2,Absent (0); Absent-pit (1); Curved buccal groove (2); Curved mesial and distal grooves (3); Trace cusp (4); Small cusp (5),"Traits from Strait, 1997;2004 & Dembo, 2015. Descriptions from Dembo, 2015",,The development of protostylid of mandibular M1. (Unordered). Absent (0); Absent-pit (1); Curved buccal groove (2); Curved mesial and distal grooves (3); Trace cusps (4); Small cusps (5),,
335,Cusp 7 on mandibular M1,Molar,DEN,D,OM,PHY,,UBERON:0003655,The development of cusp 7 on mandibular M1,6,Absent (0); Faint (1); Small (2),"Traits from Strait, 1997;2004 & Dembo, 2015. Descriptions from Dembo, 2015",,The development of cusp 7 on mandibular M1. (Ordered). States: Absent (0); Faint (1); Small (2),,
336,Root number on mandibular M1,Molar,DEN,D,UM,PHY,,UBERON:0003655,The number of roots on mandibular M2.,3,Two (0),"Traits from Strait, 1997;2004 & Dembo, 2015. Descriptions from Dembo, 2015",,The number of roots on mandibular M2. (Unordered). States: Two (0),,
337,Presence of mid-trigonid crest in mandibular M1 and/or M2,Molar,DEN,D,UM,PHY,,UBERON:0003655,The presence of mid trigonid crest on mandibular M1 and M2.,1,Absent (0); Present (1),"Traits from Strait, 1997;2004 & Dembo, 2015. Descriptions from Dembo, 2015",,The presence of mid trigonid crest on mandibular M1 and M2. (Unordered). States: Absent (0); Present (1),,
338,Absence of cusp 5 in mandibular M1 and/or M2,Molar,DEN,D,UM,PHY,,UBERON:0003655,The presence of cusp 5 on mandibular M1 and M2.,2,Present (0); Absent (1),"Traits from Strait, 1997;2004 & Dembo, 2015. Descriptions from Dembo, 2015",,The presence of cusp 5 on mandibular M1 and M2. (Unordered). States: Present (0); Absent (1),,
339,Maxillary M2 shape,Molar,DEN,D,UM,PHY,,UBERON:0003655,The shape of the maxillary M2 measured by the length divided by breadth of the molar crown.,2,Broader than Long (0); Square (1),"Traits from Strait, 1997;2004 & Dembo, 2015. Descriptions from Dembo, 2015",,The shape of the maxillary M2 measured by the length divided by breadth of the molar crown. (Unordered). States: Broader than Long (0); Square (1),,
340,Hypocone on maxillary M2,Molar,DEN,D,OM,PHY,,UBERON:0003655,The development of hypocone on maxillary M2.,3,Small cusp (0); Large cusp (1); Very large cusp (2),"Traits from Strait, 1997;2004 & Dembo, 2015. Descriptions from Dembo, 2015",,The development of hypocone on maxillary M2. (Ordered). States: Small cusp (0); Large cusp (1); Very large cusp (2),,
341,Groove pattern on mandibular M2,Molar,DEN,D,UM,PHY,,UBERON:0003655,The groove pattern of mandibular M2.,3,Y (0); Some X (1); X (2),"Traits from Strait, 1997;2004 & Dembo, 2015. Descriptions from Dembo, 2015",,The groove pattern of mandibular M2. (Unordered). States: Y (0); Some X (1); X (2),,
342,Cusp number on mandibular M2,Molar,DEN,D,OM,PHY,,UBERON:0003655,The number of cusps on mandibular M2.,3,Four (0); Five (1); Six (2); Greater than 6 (3),"Traits from Strait, 1997;2004 & Dembo, 2015. Descriptions from Dembo, 2015",,The number of cusps on mandibular M2. (Ordered). States: Four (0); Five (1); Six (2); Greater than 6 (3),,
343,Root number on mandibular M2,Molar,DEN,D,UM,PHY,,UBERON:0003655,The number of roots on mandibular M2.,4,Less than 2 (0); Two (1),"Traits from Strait, 1997;2004 & Dembo, 2015. Descriptions from Dembo, 2015",,The number of roots on mandibular M2. (Unordered). States: Less than 2 (0); Two (1),,
344,Maxillary M3 agenesis,Molar,DEN,D,UM,PHY,,UBERON:0003655,The degree of maxillary M3 agenesis.,2,Absent (0); Minimal (1),"Traits from Strait, 1997;2004 & Dembo, 2015. Descriptions from Dembo, 2015",,The degree of maxillary M3 agenesis. (Unordered). Absent (0); Minimal (1),,
345,Torsomolar angle on mandibular M3,Molar,DEN,D,UM,PHY,,UBERON:0003655,The torsomolar angle on mandibular M3.,2,Absent (0); Minimal (1),"Traits from Strait, 1997;2004 & Dembo, 2015. Descriptions from Dembo, 2015",,The torsomolar angle on mandibular M3. (Unordered). States: Absent (0); Minimal (1),,
346,Protocone size relative to paracone of deciduous m1,Premolar,DEN,D,UM,PHY,,UBERON:0007120,The protocone size of maxillary deciduous m1 in crown view.,2,Larger than paracone (0); Smaller than paracone (1),"Traits from Strait, 1997;2004 & Dembo, 2015. Descriptions from Dembo, 2015",,The protocone size of maxillary deciduous m1 in crown view. (Unordered). States: Larger than paracone (0); Smaller than paracone (1),,
347,Deciduous mandibular m1 shape,Molar,DEN,D,UM,PHY,,UBERON:0003655,The shape of deciduous mandibular m1.,2,Buccolingually narrow (0); Buccolingually broad (1); Molarized (2),"Traits from Strait, 1997;2004 & Dembo, 2015. Descriptions from Dembo, 2015",,The shape of deciduous mandibular m1. (Unordered). States: Buccolingually narrow (0); Buccolingually broad (1); Molarized (2). ,,
348,Talonid basin of deciduous m1,Premolar,DEN,D,UM,PHY,,UBERON:0007120,The distal opening of the talonid basin on mandibular deciduous m1.,3,Open distally (0); Closed distally (1),"Traits from Strait, 1997;2004 & Dembo, 2015. Descriptions from Dembo, 2015",,The distal opening of the talonid basin on mandibular deciduous m1. (Unordered). States: Open distally (0); Closed distally (1),,
349,Presence of metaconid of mandibular deciduous m1,Premolar,DEN,D,UM,PHY,,UBERON:0007120,The presence of the metaconid on mandibular deciduous m1.,2,Absent or poorly defined (0); Well defined (1),"Traits from Strait, 1997;2004 & Dembo, 2015. Descriptions from Dembo, 2015",,The presence of the metaconid on mandibular deciduous m1. (Unordered). Absent or poorly defined (0); Well defined (1),,
350,Distal trigonid crest on mandibular deciduous m2,Premolar,DEN,D,UM,PHY,,UBERON:0007120,The length of crista obliqua relative to protoconid apex.,2,Does not reach protoconid apex (0); Reaches protoconid apex (1),"Traits from Strait, 1997;2004 & Dembo, 2015. Descriptions from Dembo, 2015",,The length of crista obliqua relative to protoconid apex. (Unordered). States: Does not reach protoconid apex (0); Reaches protoconid apex (1),,
351,Crista obliqua of maxillary deciduous m2,Premolar,DEN,D,OM,PHY,,UBERON:0007120,The development of the post-protocrista on maxillary deciduous m2.,2,Weak (0); Moderate (1); Strong (2),"Traits from Strait, 1997;2004 & Dembo, 2015. Descriptions from Dembo, 2015",,The development of the post-protocrista on maxillary deciduous m2. (Ordered). States: Weak (0); Moderate (1); Strong (2),,
352,Mandibular symphysis robusticity,Mandible,CR,C,OM,PHY,,UBERON:0001684,The index of mandibular symphysis breadth divided by mandibular height.,3,Gracile (0); Intermediate (1); Robust (2); Extremely robust (3),"Traits from Strait, 1997;2004 & Dembo, 2015. Descriptions from Dembo, 2015",,The index of mandibular symphysis breadth divided by mandibular height. (Ordered). States: Gracile (0); Intermediate (1); Robust (2); Extremely robust (3),,
353,Mandibular symphysis orientation,Mandible,CR,D,UM,PHY,,UBERON:0001684,The orientation of the mandibular symphysis.,4,Receding (0); Vertical (1),"Traits from Strait, 1997;2004 & Dembo, 2015. Descriptions from Dembo, 2015",,The orientation of the mandibular symphysis. (Unordered). States: Receding (0); Vertical (1),"S&M 49 characterize the orientation of the mandibular symphysis as ranging through six states from ‘‘very receding’’ to ‘‘vertical’’. Our assignments are more conservative in that only three states are recognized, (0) receding, (1) intermediate and (2) vertical. Contra S&M 49, the symphysis in A. aethiopicus is considered to be vertical. Pg. 74",
354,Projection of mental protruberance,Mandible,CR,D,OM,PHY,,UBERON:0001684,The degree of mental protuberance projection.,2,Absent (0); Weakly projecting (1); Strongly projecting (2),"Traits from Strait, 1997;2004 & Dembo, 2015. Descriptions from Dembo, 2015",,The degree of mental protuberance projection. (Ordered). States: Absent (0); Weakly projecting (1); Strongly projecting (2),,
355,Central keel,Mandible,CR,D,UM,PHY,,UBERON:0001684,The presence of a central keel.,3,Absent (0); Present (1),"Traits from Strait, 1997;2004 & Dembo, 2015. Descriptions from Dembo, 2015",,The presence of a central keel. (Unordered). States: Absent (0); Present (1),,
356,Mandibular incurvation,Mandible,CR,D,OM,PHY,,UBERON:0001684,The development of a depression on the anterosuperior symphyseal region in norma lateralis,2,Absent (0); Weakly developed (1); Strongly developed (2),"Traits from Strait, 1997;2004 & Dembo, 2015. Descriptions from Dembo, 2015",,The development of a depression on the anterosuperior symphyseal region in norma lateralis. (Ordered). States: Absent (0); Weakly developed (1); Strongly developed (2),,
357,Incisura submentalis,Mandible,CR,D,UM,PHY,,UBERON:0001684,The presence of semilunar space beneath the inferior rim of the symphysis,3,Absent (0); Present (1),"Traits from Strait, 1997;2004 & Dembo, 2015. Descriptions from Dembo, 2015",,The presence of semilunar space beneath the inferior rim of the symphysis. (Unordered). States: Absent (0); Present (1),,
358,Medial crest in digastric fossa,Mandible,CR,D,UM,PHY,,UBERON:0001684,The presence of a medial crest in digastric fossa.,2,Absent (0); Present (1),"Traits from Strait, 1997;2004 & Dembo, 2015. Descriptions from Dembo, 2015",,The presence of a medial crest in digastric fossa. (Unordered). States: Absent (0); Present (1),,
359,Digastric fossa direction,Mandible,CR,D,OM,PHY,,UBERON:0001684,The orientation of digastric fossa.,2,Downward (0); Downward-backward (1); Backward (2),"Traits from Strait, 1997;2004 & Dembo, 2015. Descriptions from Dembo, 2015",,The orientation of digastric fossa. (Ordered). States: Downward (0); Downward-backward (1); Backward (2),,
360,Lateral tubercle,Mandible,CR,D,UM,PHY,,UBERON:0001684,The presence of a lateral tubercle.,3,Absent (0); Present (1),"Traits from Strait, 1997;2004 & Dembo, 2015. Descriptions from Dembo, 2015",,The presence of a lateral tubercle. (Unordered). States: Absent (0); Present (1),,
361,Inferior transverse torus development,Mandible,CR,D,UM,PHY,,UBERON:0001684,The development of superior and inferior transverse tori.,2,Inferior torus stronger than superior torus (0); BOTH tori of similar development (1); Superior torus stronger than inferior torus (2); BOTH tori undeveloped (3),"Traits from Strait, 1997;2004 & Dembo, 2015. Descriptions from Dembo, 2015",,The development of superior and inferior transverse tori. (Unordered). States: Inferior torus stronger than superior torus (0); Both tori of similar development (1); Superior torus stronger than inferior torus (2); Both tori undeveloped (3),,
362,Post-incisive planum development,Mandible,CR,D,UM,PHY,,UBERON:0001684,The development of post-incisive planum.,4,Prominent (0); Weak (1),"Traits from Strait, 1997;2004 & Dembo, 2015. Descriptions from Dembo, 2015",,The development of post-incisive planum. (Unordered). States: Prominent (0); Weak (1),,
363,Position of genioglossus insertion,Mandible,CR,D,UM,PHY,,UBERON:0001684,The location of the insertion of genioglossal muscle relative to the inferior transverse torus.,2,Above inferior transverse torus (0); On inferior transverse torus (1),"Traits from Strait, 1997;2004 & Dembo, 2015. Descriptions from Dembo, 2015",,The location of the insertion of genioglossal muscle relative to the inferior transverse torus. (Unordered). States: Above inferior transverse torus (0); On inferior transverse torus (1),,
364,Position of geniohyoideus insertion,Mandible,CR,D,OM,PHY,,UBERON:0001684,The location of the geniohyoideus insertion relative to the inferior transverse torus.,2,Basally on inferior transverse torus (0); Higher on inferior transverse torus (1); Above inferior transverse torus (2),"Traits from Strait, 1997;2004 & Dembo, 2015. Descriptions from Dembo, 2015",,The location of the geniohyoideus insertion relative to the inferior transverse torus. (Ordered). States: Basally on inferior transverse torus (0); Higher on inferior transverse torus (1); Above inferior transverse torus (2),,
365,Position of digastric insertion,Mandible,CR,D,UM,PHY,,UBERON:0001684,The location of the digastric muscle insertion relative to the inferior transverse torus.,3,Posterior to inferior transverse torus (0); Inferior transverse torus (1); Not on symphysis (2),"Traits from Strait, 1997;2004 & Dembo, 2015. Descriptions from Dembo, 2015",,The location of the digastric muscle insertion relative to the inferior transverse torus. (Unordered). States: Posterior to inferior transverse torus (0); Inferior transverse torus (1); Not on symphysis (2),,
366,Fossae genioglossus definition,Mandible,CR,D,OM,PHY,,UBERON:0001684,The development of the excavated area delineated by the transverse tori.,3,"Not defined, flat surface (0); Weak (1); Well defined (2)","Traits from Strait, 1997;2004 & Dembo, 2015. Descriptions from Dembo, 2015",,"The development of the excavated area delineated by the transverse tori. (Ordered). States: Not defined, flat surface (0); Weak (1); Well defined (2)",,
367,Submandibular fossa depth,Mandible,CR,D,UM,PHY,,UBERON:0001684,The depth of submandibular fossa located beneath the alveolar region.,3,Shallow (0); Deep (1),"Traits from Strait, 1997;2004 & Dembo, 2015. Descriptions from Dembo, 2015",,The depth of submandibular fossa located beneath the alveolar region. (Unordered). States: Shallow (0); Deep (1),,
368,Anterior marginal tubercle position,Mandible,CR,D,UM,PHY,,UBERON:0001684,The position of the marginal tubercle.,2,Absent (0); Present (1),"Traits from Strait, 1997;2004 & Dembo, 2015. Descriptions from Dembo, 2015",,The position of marginal tubercle. (Unordered). States: Absent (0); Present (1),,
369,Mental foramen opening direction,Mandible,CR,D,OM,PHY,,UBERON:0001684,The direction of the mental foramen opening.,2,Anterior (0); Lateral (1); Posterior (2),"Traits from Strait, 1997;2004 & Dembo, 2015. Descriptions from Dembo, 2015",,The direction of the mental foramen opening. (Ordered). States: Anterior (0); Lateral (1); Posterior (2),"S&M 51 characterize the direction of the mental foramen opening as being either anterior or lateral. In addition, the foramen in H. sapiens generally faces posteriorly, although a lateral foramen may be present in 10% of individuals (DeVilliers, 1968). This character is considered unordered. The direction of the foramen opening is variable in A. afarensis (lateral in AL333w-60, LH 4, AL 400-1a; anterior in AL 288-1, AL 333w-12), A. africanus (lateral in MLD 40, Sts 52b; anterior in Sts 36, MLD 2) and G. gorilla. Pg. 75",
370,Mental foramen position,Mandible,CR,D,OM,PHY,,UBERON:0001684,The position of the mental foramen along tooth row.,3,P3-P4 (0); P4-M1 (1); M1 (2),"Traits from Strait, 1997;2004 & Dembo, 2015. Descriptions from Dembo, 2015",,The position of the mental foramen along tooth row. (Ordered). States: P3-P4 (0); P4-M1 (1); M1 (2),,
371,Mental foramen height,Mandible,CR,C,OM,PHY,,UBERON:0001684,The index of the height of mental foramen position relative to the height of the mandibular corpus.,3,Very low (0); Low (1); Intermediate (2); High (3),"Traits from Strait, 1997;2004 & Dembo, 2015. Descriptions from Dembo, 2015",,The index of the height of mental foramen position relative to the height of the mandibular corpus. (Ordered). States: Very low (0); Low (1); Intermediate (2); High (3),,
372,Mental foramen number,Mandible,CR,D,UM,PHY,,UBERON:0001684,The number of mental foramen.,4,Single (0); Multiple (1),"Traits from Strait, 1997;2004 & Dembo, 2015. Descriptions from Dembo, 2015",,The number of mental foramen. (Unordered). States: Single (0); Multiple (1),,
373,Torus marginalis superius development,Mandible,CR,D,UM,PHY,,UBERON:0001684,The development of the superior marginal torus.,2,Weak/absent (0); Clearly visible (1),"Traits from Strait, 1997;2004 & Dembo, 2015. Descriptions from Dembo, 2015",,The development of the superior marginal torus. (Unordered). States: Weak/absent (0); Clearly visible (1),,
374,Torus marginalis inferius development,Mandible,CR,D,UM,PHY,,UBERON:0001684,The development of the inferior marginal torus.,2,Weak/absent (0); Clearly visible (1),"Traits from Strait, 1997;2004 & Dembo, 2015. Descriptions from Dembo, 2015",,The development of the inferior marginal torus. (Unordered). States: Weak/absent (0); Clearly visible (1),,
375,Horizontal distance between TMJ and M2 or M3,Mandible,CR,C,UM,PHY,,UBERON:0001684,The ratio of the distance between the TMJ and M2/M3 relative to bi-foramen ovale breadth. (Short<58; Long>58),2,Long (0); Short (1),"Traits from Strait, 1997;2004 & Dembo, 2015. Descriptions from Dembo, 2015",,The ratio of the distance between the TMJ and M2/M3 relative to bi-foramen ovale breadth. (Short<58; Long>58). (Unordered). States: Long (0); Short (1),"This character replaces S&M 56 (distance between M3 and the TMJ). By measuring to the distal margin of M2, it is possible to include KNM-ER 1470. Furthermore, this measurement approximates the load arm of molar bite force during mastication (Grine et al., 1993). Two states are recognized: (0) long (>258 mm), and (1) short (<258 mm). There is slight overlap between taxa across the 58 mm boundary. Regardless, the principal point is that the distance is long in A. boisei and A. robustus, contrary to S&M 56. As reconstructed by Grine et al. (1996), KNM-ER 1470 is on the boundary between long and short, but is considered long because other reconstructions (e.g., Bromage, 1993) would suggest a considerably greater distance. This character was also measured as a ratio of the distance between the TMJ and M2/M 3 relative to bi-foramen ovale breadth, and comparable results were obtained. Pg. 71",
376,Mandibular extramolar sulcus width,Mandible,CR,C,UM,PHY,,UBERON:0001684,The width of the extramolar sulcus. (Narrow<6.5mm; Broad>6.5mm).,1,Broad (0); Narrow (1),"Traits from Strait, 1997;2004 & Dembo, 2015. Descriptions from Dembo, 2015",,The width of the extramolar sulcus. (Narrow<6.5mm; Broad>6.5mm). (Unordered). States: Broad (0); Narrow (1),,
377,Retromolar space,Mandible,CR,D,UM,PHY,,UBERON:0001684,The presence of retromolar space.,2,Absent (0); Present (1),"Traits from Strait, 1997;2004 & Dembo, 2015. Descriptions from Dembo, 2015",,The presence of retromolar space. (Unordered). States: Absent (0); Present (1),,
378,Retromolar area inclination,Mandible,CR,D,OM,PHY,,UBERON:0001684,The orientation of the retromolar area.,2,Horizontal (0); Inclined (1); Vertical (2),"Traits from Strait, 1997;2004 & Dembo, 2015. Descriptions from Dembo, 2015",,The orientation of the retromolar area. (Ordered). States: Horizontal (0); Inclined (1); Vertical (2),,
379,Orientation of mandibular premolar row,Mandible,CR,C,UM,PHY,,UBERON:0001684,The orientation of the dental arcade measured as the ratio between the internal bialveolar margin distances at mandibular canine and M2 positions.,3,U shaped (0); Parabolic (1),"Traits from Strait, 1997;2004 & Dembo, 2015. Descriptions from Dembo, 2015",,The orientation of the dental arcade measured as the ratio between the internal bialveolar margin distances at mandibular canine and M2 positions. (Unordered). States: U shaped (0); Parabolic (1),,"Two states are recognized: (State 0) P3-P4 MD axis is parasagittal, and thus in line with the straight molar rows that are also in, or approximate to, the sagittal plane. A parasagittal premolar row is equivalent to a U-shaped arcade. (State 1) P3-P4 MD axis is obliquely inclined to the sagittal plane. The premolars may be angled to the molars, providing a parabolic arcade, or the entire postcanine tooth row may be divergent, providing a V-shaped arcade. Australopithecus anamensis has been described as having tooth rows that are parallel and close together (Leakey et al., 1995), and White et al. (1981: 457) described Pr. afarensis as having ‘‘tooth rows typically straight..resembles apes.’’ These taxa were therefore assigned state 0. Note differences with Strait and Grine (1999), in which dental arcade shape included upper and lower jaws. In retrospect, mandibles are more diagnostic, and thus this character is missing in A. garhi. Pg. 444"
380,Inferior alveolar margin orientation,Mandible,CR,D,UM,PHY,,UBERON:0001684,The orientation of the inferior alveolar margin.,2,Steep (0); Slowly inclined (1); Parallel (2),"Traits from Strait, 1997;2004 & Dembo, 2015. Descriptions from Dembo, 2015",,The orientation of the inferior alveolar margin. (Unordered). States: Steep (0); Slowly inclined (1); Parallel (2),,
381,Sulcus intertoralis development,Mandible,CR,D,OM,PHY,,UBERON:0001684,The development of intertoral sulcus.,3,Flatsurface (0); Weak (1); Well defined (2),"Traits from Strait, 1997;2004 & Dembo, 2015. Descriptions from Dembo, 2015",,The development of intertoral sulcus. (Ordered). States: Flatsurface (0); Weak (1); Well defined (2),,
382,Prominentia lateralis relief,Mandible,CR,D,OM,PHY,,UBERON:0001684,The development of lateral prominence.,3,Flatsurface (0); Weak (1); Strong (2),"Traits from Strait, 1997;2004 & Dembo, 2015. Descriptions from Dembo, 2015",,The development of lateral prominence. (Ordered). States: Flatsurface (0); Weak (1); Strong (2),,
383,Prominentia lateralis position,Mandible,CR,D,OM,PHY,,UBERON:0001684,The position of lateral prominence along tooth row.,3,M1-M2 (0); M2-M3 (1); M3 (2),"Traits from Strait, 1997;2004 & Dembo, 2015. Descriptions from Dembo, 2015",,The position of lateral prominence along tooth row. (Ordered). States: M1-M2 (0); M2-M3 (1); M3 (2),,
384,Ramus length,Mandible,CR,D,UM,PHY,,UBERON:0001684,The length of mandibular ramus.,3,Narrow (0); Large (1),"Traits from Strait, 1997;2004 & Dembo, 2015. Descriptions from Dembo, 2015",,The length of mandibular ramus. (Unordered). States: Narrow (0); Large (1),,
385,Ramus root anterior position,Mandible,CR,D,OM,PHY,,UBERON:0001684,The position of the origin of the ascending ramus relative to the anteroposterior axis of the mandibular corpus. Anterior origin is where the ramus rises at the M1 level.,2,Posterior (0); Intermediate (1); Anterior (2),"Traits from Strait, 1997;2004 & Dembo, 2015. Descriptions from Dembo, 2015",,The position of the origin of the ascending ramus relative to the anteroposterior axis of the mandibular corpus. Anterior origin is where the ramus rises at the M1 level. (Ordered). States: Posterior (0); Intermediate (1); Anterior (2),,
386,Ramus root vertical position,Mandible,CR,D,OM,PHY,,UBERON:0001684,The position of the origin of the ascending ramus relative to the mandibular corpus height.,3,High (0); Intermediate (1); Low (2),"Traits from Strait, 1997;2004 & Dembo, 2015. Descriptions from Dembo, 2015",,The position of the origin of the ascending ramus relative to the mandibular corpus height. (Ordered). States: High (0); Intermediate (1); Low (2),,
387,Internal coronoid pillar orientation,Mandible,CR,D,UM,PHY,,UBERON:0001684,The orientation of the ridge that extends inferiorly from the coronoid tip.,3,Vertical (0); Concave (1); Oblique (2),"Traits from Strait, 1997;2004 & Dembo, 2015. Descriptions from Dembo, 2015",,The orientation of the ridge that extends inferiorly from the coronoid tip. (Unordered). States: Vertical (0); Concave (1); Oblique (2),,
388,Crista ectocondyloidea development on the lateral face of the ramus.,Mandible,CR,D,UM,PHY,,UBERON:0001684,"The development of crista ectocondyloidea, a ridge that extends inferiorly from the condyle tip on the lateral face of the ramus.",3,Weak/absent (0); Clearly defined (1),"Traits from Strait, 1997;2004 & Dembo, 2015. Descriptions from Dembo, 2015",,"The development of crista ectocondyloidea, a ridge that extends inferiorly from the condyle tip on the lateral face of the ramus. (Unordered). States: Weak/absent (0); Clearly defined (1)",,
389,Crista endocondyloidea relief on the medial face of the ramus,Mandible,CR,D,UM,PHY,,UBERON:0001684,"The development of crista endocondyloidea, a ridge that extends inferiorly from the condyle tip on the medial face of the ramus.",2,Weak/absent (0); Clearly defined (1),"Traits from Strait, 1997;2004 & Dembo, 2015. Descriptions from Dembo, 2015",,"The development of crista endocondyloidea, a ridge that extends inferiorly from the condyle tip on the medial face of the ramus. (Unordered). States: Weak/absent (0); Clearly defined (1)",,
390,Crista endocondyloidea orientation,Mandible,CR,D,UM,PHY,,UBERON:0001684,The orientation of crista endocondyloidea on the medial face of the ramus.,2,Oblique (0); Diagonal (1),"Traits from Strait, 1997;2004 & Dembo, 2015. Descriptions from Dembo, 2015",,The orientation of crista endocondyloidea on the medial face of the ramus. (Unordered). States: Oblique (0); Diagonal (1),,
391,Position of the junction between the mandibular notch and the condyle articular surface,Mandible,CR,D,UM,PHY,,UBERON:0001684,The position of the condyle articular surface relative to the mandibular notch.,2,Lateral (0); Medial (1),"Traits from Strait, 1997;2004 & Dembo, 2015. Descriptions from Dembo, 2015",,The position of the condyle articular surface relative to the mandibular notch. (Unordered). States: Lateral (0); Medial (1),,
392,Position of the deepest point of the mandibular notch,Mandible,CR,D,UM,PHY,,UBERON:0001684,The position of the deepest point of the mandibular notch.,2,Centered (0); Condylar (1),"Traits from Strait, 1997;2004 & Dembo, 2015. Descriptions from Dembo, 2015",,The position of the deepest point of the mandibular notch. (Unordered). States: Centered (0); Condylar (1),,
393,Crest of the mandibular notch,Mandible,CR,D,OM,PHY,,UBERON:0001684,The position of the crest on the mandibular notch,2,Lateral edge of condyle (0); Less lateral (1); Less than a third of distance from medial end (2); Medial end (3),"Traits from Strait, 1997;2004 & Dembo, 2015. Descriptions from Dembo, 2015",,The position of the crest on the mandibular notch. (Ordered). States: Lateral edge of condyle (0); Less lateral (1); Less than a third of distance from medial end (2); Medial end (3),,
394,Planum triangulare size,Mandible,CR,D,OM,PHY,,UBERON:0001684,The development of planum triangulare defined by the internal coronoid pillar and the crista endocondyloidea,4,Weakly developed (0); Intermediate (1); Strongly developed (2),"Traits from Strait, 1997;2004 & Dembo, 2015. Descriptions from Dembo, 2015",,The development of planum triangulare defined by the internal coronoid pillar and the crista endocondyloidea. (Ordered). States: Weakly developed (0); Intermediate (1); Strongly developed (2),,
395,Planum triangulare depth,Mandible,CR,D,OM,PHY,,UBERON:0001684,The depth of planum triangulare.,3,Flat (0); Shallow (1); Deep (2),"Traits from Strait, 1997;2004 & Dembo, 2015. Descriptions from Dembo, 2015",,The depth of planum triangulare. (Ordered). States: Flat (0); Shallow (1); Deep (2),,
396,Condyle height relative to the coronoid,Mandible,CR,D,OM,PHY,,UBERON:0001684,The height of mandibular condyle relative to the coronoid.,3,Lower (0); Equal (1); Higher (2),"Traits from Strait, 1997;2004 & Dembo, 2015. Descriptions from Dembo, 2015",,The height of mandibular condyle relative to the coronoid. (Ordered). States: Lower (0); Equal (1); Higher (2),,
397,Lateral condylar tubercle development,Mandible,CR,D,OM,PHY,,UBERON:0001684,The development of lateral condylar tubercle.,3,No tubercle (0); Swelling under lateral lip (1); Laterally projected tubercle (2); Strongly projected tubercle (3),"Traits from Strait, 1997;2004 & Dembo, 2015. Descriptions from Dembo, 2015",,The development of lateral condylar tubercle. (Ordered). States: No tubercle (0); Swelling under lateral lip (1); Laterally projected tubercle (2); Strongly projected tubercle (3),,
398,Fossa subcondylea depth,Mandible,CR,D,OM,PHY,,UBERON:0001684,The depth of subcondylar fossa.,4,Flat (0); Shallow (1); Deep (2),"Traits from Strait, 1997;2004 & Dembo, 2015. Descriptions from Dembo, 2015",,The depth of subcondylar fossa. (Ordered). States: Flat (0); Shallow (1); Deep (2),,
399,Fossa subcondylea development,Mandible,CR,D,OM,PHY,,UBERON:0001684,The development of subcondylar fossa.,3,Weakly developed (0); Intermediate (1); Strongly developed (2),"Traits from Strait, 1997;2004 & Dembo, 2015. Descriptions from Dembo, 2015",,The development of subcondylar fossa. (Ordered). States: Weakly developed (0); Intermediate (1); Strongly developed (2),,
400,Mandibular foramen shape,Mandible,CR,D,UM,PHY,,UBERON:0001684,The shape of the mandibular canal opening.,3,Oval (0); Circular (1),"Traits from Strait, 1997;2004 & Dembo, 2015. Descriptions from Dembo, 2015",,The shape of the mandibular canal opening. (Unordered). States: Oval (0); Circular (1),,
401,Lingula mandibulae,Mandible,CR,D,UM,PHY,,UBERON:0001684,"The presence of lingula mandibulae, a projection of the edge of the mandibular foramen.",2,Absent (0); Present (1),"Traits from Strait, 1997;2004 & Dembo, 2015. Descriptions from Dembo, 2015",,"The presence of lingula mandibulae, a projection of the edge of the mandibular foramen. (Unordered). States: Absent (0); Present (1)",,
402,Mylohyoid line orientation,Mandible,CR,D,UM,PHY,,UBERON:0001684,The orientation of the mylohyoid line that crosses the medial corpus surface.,2,Parallel (0); Inclined (1); Diagonal (2),"Traits from Strait, 1997;2004 & Dembo, 2015. Descriptions from Dembo, 2015",,The orientation of the mylohyoid line that crosses the medial corpus surface. (Unordered).States: Parallel (0); Inclined (1); Diagonal (2),,
403,Mylohyoid line position,Mandible,CR,D,OM,PHY,,UBERON:0001684,The position of mylohyoid line at M3,3,Low (0); Intermediate (1); High (2),"Traits from Strait, 1997;2004 & Dembo, 2015. Descriptions from Dembo, 2015",,The position of mylohyoid line at M3. (Ordered). States: Low (0); Intermediate (1); High (2),,
404,Mylohyoid groove orientation,Mandible,CR,D,UM,PHY,,UBERON:0001684,The orientation of the mylohyoid groove on the medial surface of the ramus.,3,Inclined (0); Diagonal (1),"Traits from Strait, 1997;2004 & Dembo, 2015. Descriptions from Dembo, 2015",,The orientation of the mylohyoid groove on the medial surface of the ramus. (Unordered). States: Inclined (0); Diagonal (1),,
405,Bony bridge in mylohyoid groove,Mandible,CR,D,UM,PHY,,UBERON:0001684,The presence of a body bridge in mylohyoid groove.,2,Absent (0); Present (1),"Traits from Strait, 1997;2004 & Dembo, 2015. Descriptions from Dembo, 2015",,The presence of a body bridge in mylohyoid groove. (Unordered). States: Absent (0); Present (1),,
406,Fossa masseterica depth,Mandible,CR,D,OM,PHY,,UBERON:0001684,The depth of masseteric fossa on the lateral surface of the gonial angle.,2,Flat (0); Shallow (1); Deep (2),"Traits from Strait, 1997;2004 & Dembo, 2015. Descriptions from Dembo, 2015",,The depth of masseteric fossa on the lateral surface of the gonial angle. (Ordered). States: Flat (0); Shallow (1); Deep (2),,
407,Gonial profile,Mandible,CR,D,UM,PHY,,UBERON:0001684,The profile of the posteroinferior corner of the mandible in norma lateralis.,3,Not truncated (0); Truncated (1),"Traits from Strait, 1997;2004 & Dembo, 2015. Descriptions from Dembo, 2015",,The profile of the posteroinferior corner of the mandible in norma lateralis. (Unordered). States: Not truncated (0); Truncated (1),,
408,Pterygoid fossa depth,Mandible,CR,D,UM,PHY,,UBERON:0001684,The depth of pterygoid fossa.,2,Shallow (0); Deep (1),"Traits from Strait, 1997;2004 & Dembo, 2015. Descriptions from Dembo, 2015",,The depth of pterygoid fossa. (Unordered). States: Shallow (0); Deep (1),,
409,Canine size increase ,Canine,DEN,C,,TAX,D,,upper and lower canines are larger relative to postcanine teeth (distinction from other hominins) ,2,,White et al. 1994 ,,,,
410,"dM1 cusp size, shape, and location",Molar,DEN,C,,TAX,D,UBERON:0003655,"narrow and obliquely elongated, with a large protoconid and small, distally place metaconid (distinction from other hominins) ",,,White et al. 1994 ,,,,
411,Temporomandibular joint ,Mandible,CR,D,,TAX,D,UBERON:0001684,lacks a definable articular eminence (distinction from other hominins) ,,,White et al. 1994 ,,,,
412,P3 symmetry ,Premolar,DEN,C,,TAX,D,UBERON:0007120,"BOTH upper and lower third premolars are more strongly asymmetrical, featuring a dominant, tall buccal cusp (distinction from other hominins) ",,,White et al. 1994 ,,,,
413,Mandibular diastema,Mandible,CR,D,UM,TAX,D,UBERON:0001684,Presence or absence of lower diastema betwee C/P1,,Absent (0); Present (1) ,Dart 1925,,,,
414,Cranial vault orientation,,,,,,,,Transversely expanded with vertically oriented parietal walls ,2,,,,,,
415,Canine to postcanine ratio,Dentition,DEN,C,OM,PHY,,UBERON:0003672,,,Small (0); Moderate (1); Large (2),"Asfaw et al. 1999 *table 1 states ""Listed are characters widely used in consideration of hominid PHY*",,,,
416,Postcanine absolute size,Dentition,DEN,D,UM,PHY,,UBERON:0003672,,3,,"Asfaw et al. 1999 *table 1 states ""Listed are characters widely used in consideration of hominid PHY*",,,,
417,Upper P3 occlusal outline,Dentition,DEN,D,UM,PHY,,UBERON:0003672,,,,"Asfaw et al. 1999 *table 1 states ""Listed are characters widely used in consideration of hominid PHY*",,,"Contra Skelton & McHenry (1992), this feature is variable within A. boisei, A. africanus, H. habilis, and H. sapiens. Consequently, it was judged to be a poor discriminator of hominid species. (Omitted). Pg. 80",
418,Postcanine PM/M cusp wear ,Dentition,DEN,D,UM,PHY,,UBERON:0003672,,,,"Asfaw et al. 1999 *table 1 states ""Listed are characters widely used in consideration of hominid PHY*",,,,
419,Maxillary dental arcade shape,Maxilla,DEN,D,UM,PHY,,UBERON:0002397,,,,"Asfaw et al. 1999 *table 1 states ""Listed are characters widely used in consideration of hominid PHY*",,,,
420,Posterior dental arcade,Maxilla,DEN,D,UM,PHY,,UBERON:0002397,,,,"Asfaw et al. 1999 *table 1 states ""Listed are characters widely used in consideration of hominid PHY*",,,,
421,Inferolateral nasal aperture margin,Nasal,CF,D,UM,PHY,,UBERON:0001681,,,,"Asfaw et al. 1999 *table 1 states ""Listed are characters widely used in consideration of hominid PHY*",,,,
422,Upper I2 root lateral to nasal aperature,Incisor,DEN,D,UM,PHY,,UBERON:0001098,,,,"Asfaw et al. 1999 *table 1 states ""Listed are characters widely used in consideration of hominid PHY*",,,,
423,Maxillary fossula,Maxilla,CF,D,UM,PHY,,UBERON:0002397,,,,"Asfaw et al. 1999 *table 1 states ""Listed are characters widely used in consideration of hominid PHY*",,,,
424,Subnasal to instranasal contours,Nasal,CF,D,UM,PHY,ND,UBERON:0001681,,,D (); Variable (); Continuous (),"Asfaw et al. 1999 *table 1 states ""Listed are characters widely used in consideration of hominid PHY*",,,,
425,Separation of vomeral/Anterior septal insertion,Nasal,CF,D,UM,PHY,ND,UBERON:0001681,,3,Weak (); Usually Strong (); Strong (),"Asfaw et al. 1999 *table 1 states ""Listed are characters widely used in consideration of hominid PHY*",,,,
426,Facial dishing,Nasal,CF,D,UM,PHY,ND,UBERON:0001681,,3,Absent (); Dished (),"Asfaw et al. 1999 *table 1 states ""Listed are characters widely used in consideration of hominid PHY*",,,,
427,Relative size of posterior temporalis,Temporal,CR,D,UM,PHY,ND,UBERON:0001678,,2,Small (); Intermediate (); Large (),"Asfaw et al. 1999 *table 1 states ""Listed are characters widely used in consideration of hominid PHY*",,,,
428,Lateral infraorbital margin blunt and protruding,Face,CF,D,UM,PHY,ND,UBERON:0001456,,3,No (0); Yes (1),Berger et al. 2010,,,,
429,Convexity/concavity of infraorbital region,Orbit,CF,D,UM,PHY,ND,UBERON:0001697,,2,Convex (0); Concave (1),Berger et al. 2010,,,,
430,Infraorbital foramen height,Orbit,CF,D,UM,PHY,ND,UBERON:0001697,,2,Low (0); Variable (1); High (2),Berger et al. 2010,,,,
431,Upper Central Incisor winging,Incisor,DEN,,,,,,Rotation of the upper central incisors,3,Bilateral (1); Unilateral (2); Straight (3); Counter (4),ASUDAS,,,,
432,Upper Incisor labial convexity,Incisor,DEN,,,,,,"The labial surface of the upper incisors, when viewed from the occlusal aspect can range from being essentiall flat to showing a marked degree of convexity",,Flat (0); Trace (1); Weak (2); Moderate (3); Pronounced (4),ASUDAS,,,,
433,Interruption Groove,Incisor,DEN,,,,,,"Grooves which cross the cingulum, and often continue down the root, are occasionally seen on the upper incisors",,None (0); An interruption groove occurs ,ASUDAS,,,,
434,Upper Incisor Tuberculum Dentale,Incisor,DEN,,,,,,Occurs in the cingular region of the lingual surface,,No expression (0); Faint ridging (1); Trace ridging (2); Strong ridging (3); Pronounced ridging (4); Weakly developed cuspule (5-); Weakly developed cuspule with a free apex (5); Strong cusp with a free apex (6),ASUDAS,,,,
435,Upper Canine Tuberculum Dentale,Canine,DEN,,,,,,Occurs in the cingular region of the lingual surface,,No expression (0); Faint ridging (1); Trace ridging (2); Strong ridging (3); Pronounced ridging (4); Weakly developed cuspule (5-); Weakly developed cuspule with a free apex (5); Strong cusp with a free apex (6),ASUDAS,,,,
436,Upper Canine Mesial Ridge ,Canine,DEN,,,,,,,,"Mesial and distal lingual ridges are the same size (0); Mesiolingual ridge is larger than the distolingual and is weakly attached to the tuberculum dentale (1); Mesiolingual ridge is larger than the distolingual, and is moderately attached to the tuberculum dentale (2); Morris's type form (3)",,,,,
437,Distal Accessory ridge on mandibular canines,Canine,DEN,,,,,,The development of the distal accessory ridge on mandibular canine.,,Absent (0); Faint (1); Weak (2); Moderate (3); Strong (4); Pronounced (5),,,,,
438,Upper premolar mesial and distal accessory cusps,Premolar,DEN,,,,,,Cusps are defined by a strong separation from BOTH the buccal and lingual cusps,,No accessory cusps occur (0); Mesial and/or distal accessory cusps are present (1),,,,,
439,Tricusped Upper Premolars,Premolar,DEN,,,,,,An upper premolar with three cusp,,Extra distal cusp (hypcone present) is absent (0); Hypocone is present. Its size equals that of the normal lingual cusp (1),,,,,
440,Upper Molar metacone development,Molar,DEN,,,,,,The distobuccal cusp or cusp 3 ,,"Metacone is absent (0); An attached ridge is present at the metacone site, but there is no free apex (1); A faint cuspule with a free apex is present (2); Weak cusp is present (3); An intermediate-sized cusp is present (not shown on plaque, interpolation necessary) (3.5); Metacone is large (4); Metacone is very large (equal in size to a large M1 hypocone) (5)",,,,,